약어,원어,한글풀이
A,Alarm,경보
A,"Ampere meter, Ampere","전류계, 전류단위"
A,Analog,"아날로그, ↔ Digital"
A,Analysis,분석
AA,Additional Air,추가연소 공기
AA,Atomizing Air,연료분무용 공기
AA,Auxiliary Air,보조 연소 공기
ABB,Air Blast circuit Breaker,공기차단기
ABC,Automatic Boiler Control,보일러 자동제어
ABS,Automatic Boiler Start up / Shut down System,보일러 자동기동 / 정지 제어기동
Abs,Absolute,절대압력
ABV,Air Bleed Valve,공기 배기변
AC,Alternating Current,교류 (交流)
AC,Air Conditioning / Air Conditioner,공기조화 또는 조화 장치
ACB,Air Circuit Breaker,공기차단기
ACC,Automatic Combustion Control,자연연소제어 계통
ACC,Active Clearance Control,터빈 운전 중 갭 조절장치
Acc,Acceleration,"가속, 승속"
Accum,Accumulator,"축적기, 압력완충기, 축열장치"
ACR,Alkaline Copper Removal,알칼리 세정
ACS,Analog Control System,아날로그 제어계통
ACWP,Auxiliary Cooling Water Pump,보조냉각수 펌프 = SWCWP
AD,Air Dryer,공기 건조기
A/D C,Analog / Digital Converter,A/D 변환기
ADS,Automatic load Dispatcher System,급전자동 출력 조정장치
AE,Analysis Element,분석요소
AE,Air Ejector,공기추출기
AE,Architecture Engineering,설계용역회사
AET,Acoustic Emission Test,음향방출시험
AF,Availability Factor,가동율
AF,Ampere Flame,차단기 전류 용량 단위
AF,As Fired,연소식 (발열량)
AFC,Automatic Frequency Control,자동주파수 조정
AFFL,Amperes Field Full Load,최고출력 계자전류
AFGC,Air Flue Gas Control,공기연료가스 제어
AFNL,Amperes Field No Load,무부하 계자전류
AFR,Automatic Frequency Regulator,주파수 자동 저절장치
AFS,Air Flow Switch,공기유량 스위치
AFU,Automatic Follow Up device,자동 추종 장치
ACG,Ash Clinker Grinder,회분쇄기 = AG
AGC,Automatic Generation Control,자동발전량 제어
AH,Air Pre-heater,공기예열기 = AP
AH,Ampere Hour,축전지 용량 단위
AHU,Air Handling Unit,공기조화 설비
AL,Alarms,경보
Al,Aluminum,알루미늄
ALD,Automatic Load Dispatcher system,자동급전 장치
ALO,Alarm Lock Out Relay,폐쇄경보 계전기
ALR,Automatic Load Regulator,자동부하 제어장치
A/M,Automatic / Manual,자동 / 수동
Amp,"Ampere, Amperace",전류량
AMP,Amplifier,증폭기
AMS,Admission Mode Selection,분사방식 선택
Ann,Annunciator,경보장치
ANSI,American National Standard Institute,미국표준협회
AOP,Auxiliary Oil Pump ,보조윤활펌프
APC,Automatic Phase Control,자동 위상 제어
APC,Automatic Power plant Control,발전소 자동제어계통
APER,Automatic Power Factor Regulator,자동역율 조정장치
Apporx,Approximately,"대략, 약"
Aq,Aqua,수주
AQR,Automatic Var Regulator,자동 무효전력 보정장치
AR,Analysis Recorder,분석기록계
AR,As Received,인수식 (발열량)
AR,Aux power consumption Ratio,소내전력율
AR,Auxiliary Relay,보조계전기
ARDV,Air Relay Dump Valve,공기 구동차단 밸브
AS,Ammeter Switch,상전류 선택 스위치
AS,Instrument Air Supply,제어용 공기 공급
ASA,American Standard Association,미국표준협회
ASDV,After Seat Drain Valve,밸브 후단 배수 밸브
ASME,American Society of Mechanical Engineers,미국기계기술자 협회
ASP,Ash Slurry Pump,회처리 펌프
ASTM,American Society of Testing and Materials,미국 재료시험학회
AT,Acceptance Test,인수시험
AT,Air Trap,공기트랩
Atm,Atmosphere,대기
ATO,Assistant TBN Operator,터빈 보조운전원
Atom,Atomizing,분사
ATP,Authorization To Proceed,사전착수지시서
ATP,Acceptance Test Procedure,인수시험 절차서
Attemp,Attemperator,과열저감기
ATS,Automatic TBN GEN Start up / Shut down System,터빈발전기 자동 기동정지 제어계통
Auto,Automatic,자동
Aux,Auxiliary,보조
AVG,Average,평균
AVR,Automatic Voltage Regulator,자동전압 조정장치
AWS,American Welding Society,미국용접 협회
AWT,Alkalized Water Treatment,알카리 수처리
B,Binary BOP,"이중요소, 이진수"
BAH,Bottom Ash Hopper,보일러 하부호퍼
Batt,Battery,축전지 = BT
Bb,Babbit metal,베빗 메탈
BC,Battery Charger (Rectifier),축전지 충전장치
BC,Belt Conveyor,벨트 컨베이어
BC,Bunker-C Oil (#6 Heavy Oil),벙커 C유
BCP,Boiler Circulation Pump,보일러 순환펌프 (BWCP)
BCS,Burner Control System,버너 제어계통
BCT,Bushing Current Transformer,부싱 변류기
BD,Spray water isolation valve,과열저감수 차단 밸브
BDS,Boiler Demand Signal,보일러 요구 신호
BDV,Blow Down Valve,고압 터빈측 누설증기 배기밸브
Be,Beryllium,베릴륨
BE,Burner flame Element,버너 화염 검출요소
BF,Back Fire,역화
BF,Bag Filter,주머니 필터
BF,Belt Feeder,벨트 공급기
BFBP,Boiler Feed water Booster Pump,보일러 급수 승압펌프
BFP,Boiler Feed water Pump,보일러 급수펌프
BFPM,Boiler Feed Pump Motor,모터구동 보일러 급수펌프
BFPT,Boiler Feed Pump Turbine,터빈구동 보일러 급수펌프
BI,Burner flame Indicator,버너 화염 지시계
B/L,Bill of Landing,선하증권
BIL,Basic Impulse insulation Level,기준 충격 전열강도
BLDG,Building,건물
BLR,Boiler,보일러
BM,Bench Mark,기준점
BM,Bill of Material,부품 목록
BMCR,Boiler Maximum Continuous Rating,보일러 최대 연속 정격
BMS,Burner Management System,버너 제어장치
BNR,Burner,버너
BNK,Bunker,"저장소, 벙커"
BOD,Biochemical Oxygen Demand,생물학적 산소요구량
BOO,Build Own Operate,사업수주방식(건설+소유+운영)
BOT,Build Operate Transfer,사업수주방식(건설+운영+이양)
BOP,Balance Of Plant,보조기기 제어장치
BP,Booster Pump,승압펌프
BP,Beginning Point,"착수, 개시점"
BPC,Boiler Pressure Control,보일러 압력제어
BPS,Bypass System,바이패스 시스템
BRG,Bearing,베어링
BRK,Breaker,차단기 = BK
BS,Button Standard,버튼 스위치
BS,Belt Scale,석탄 계량기
BS,British Standard,영국 표준 규격
BSCA,Boiler Stress & Condition Analyzer,보일러 튜브 열응력 상태분석장치
BT,Bourdon Tube,부르동 관
BTG,Boiler Turbine Generator,보일러 터빈 발전기
BTG,Boiler Turbine Gauge operator,보일러 터빈 제어반 운전원
BTU,British Thermal Unit,영국 열량단위
BTV,Bleeder Trip Valve,추기 차단 밸브
BWCP,BLR Water Circulation Pump,보일러 순환펌프 = BCP
C,Capacitor,콘덴서 (축전기)
C,Measurement (KKS),측정장치
C,Conductivity,전도도
C,Closed,"폐회로, 닫힘"
C접점,Change over contact (Transfer contact),절체접점
CAD,Cold Air Damper,저온공기 댐퍼 ↔ HAD
CAD,Computer Aided Design,컴퓨터 지원 설계
CAF,Combustion Air Flow,연소 공기량
Cal,Calories,"칼로리, 열량"
CAR,Correct Action Request,시정조치 요구서
CAS,Compressor Air System,압축공기 계통
CB,Circuit Breaker,회로 차단기
CBD,Continuous Blow Down,고형물 연속배출
CBL,Control Block Logic,제어블록 로직
CC,Combined Cycle,복합화력
CC,Cation Conductivity,양이온 전도도
CC,Combustion Control,연소제어
CCC,Cross Current Compensator,횡류 보상장치
CCO,Commencement of Commercial Operation,상업운전 개시 = CO
CCPP,Combined Cycle Power Plant,복합발전소
CCS,Combustion Control System,연소제어 계통
CCT,Compensator Current Transformer,보상변류기
CCTV,Closed Circuit Television,폐쇄회로 TV
CCW,Closed Cooling Water,기기냉각수 = ACW
CCW,Counter Clockwise,반시계방향
CCWP,Closed Cooling Water Pump,기기냉각수 펌프
CD,Condenser,"콘덴서, 응축기"
CDS,Contract Delivery Schedule,계약상 기자재 공급일정표
CE,Conductivity Element,전도도 측정요소
CE,Collecting Electrode,집진극
CEP,Condenser End Point,복수기 종단점
Cer,Ceramic,"세라믹, 자기"
Cent,Centigrade,"섭씨, ℃"
CF,Candle Filter,캔들필터
CF,Coal Feeder,급탄기
CF,Clarifier,응집조
CFBC,Circulating Fluidizing Bed Combustion,순환 유동층 연소
CFM,Cubic Feet per Minute,분당 체적 유량 단위 (f㎥/min)
CGCC,Coal Gasification Combined Cycle,석탄가스화 복합사이클
CGS,Centimeter Gram Second,CGS 단위
CH,Chiller,냉각기
CHB,Coal Handling Building,상탄 제어실
CH Ratio,Carbon/Hydrogen Ratio,탄소/수소비
CHP,Combined Heat & Power Plant,복합화력 발전소
CHU,Centigrade Heat Unit,열량의 단위
C&F,Cost and Freight,운임포함가격
CIF,Cost Insurance and Freight,"운임, 보험료 포함가격"
CIS,Chemical Injection System,화학약품 주입계통
CIS,Construction Intermediate Schedule,건설 공정표
CIS,Contract Information Sheet,계약 정보지
CIU,Communication Interface Unit,통신 중계장치
CIV,Combined Intermediate Valve,복합 중압변
CKT,Circuit,회로
CL,Close,폐
C??,Chlorine,클로라인(염소)
CLE,Cycle Life Expenditure,수명소비
CLG,Cooling,냉각
CLR,Cooler,냉각기
CNR,Corner,"구석, 모퉁이 "
Co,"Cobalt, Company","코발트, 회사"
C/O,Cut Out,"차단, 정지"
COBOL,Common Business Oriented Language,컴퓨터의 사무용 전산언어
COD,Chemical Oxygen Demand,화학적 산소요구량
COLL,Collector,집진기
COM,Coal and Oil Mixture,석탄기름 혼합연료
Compt,Compartment,"실, 구획"
Conc,Concentrated,농축된
Conc,Concrete,콘크리트
Cond,Condenser,복수기
Conn,Connection,연결
Conv,Conveyor,컨베이어
COP,Condensate Water Pump,복수펌프
COS,Cut Out Switch,구분개폐기
CP,Central Procurement,본사조달
CP,Pressure Measurement (KKS),압력 측정장치
CP,Convection Pass,대류 열전달 통로
CP,Control Panel,"제어함, 제어반"
CPLG,Coupling,"커플링, 축이음"
CPD,Capacitor Potential Device,축전기의 일종
CPM,Critical Path Method,주공정법
CPP,Condensate Polishing Plant,복수탈염장치
CPU,Central Process Unit,중앙처리 장치
CR,Collector Ring,집전환
CR,Control Room,중앙제어실 = MCR 
Cr,Chromium,크롬
CR,Time Constant,시정수
CR,Capability Rating,악조건하의 운전간능 정격
CR,Current Relay,전류계전기
CRH,Cold Reheater,저온재열기
CRT,Cathode Ray Tube,음극선관
CRV,Combined Reheat Valve,재열증기 차단 및 제어 밸브
C&S,Code and Standard,"규격 및 기준, 지침서"
CS,Control Switch,조작 스위치
CSB,Crusher Surge Bin,석탄 분쇄기 안충조
CSCV,Combined Stop & Control Valve,주증기 차단 및 제어 밸브
CSG,Casing,외함
CSR,Construction Status Report,건설현황 보고
CSR,Commissioning Status Report,시운전현황 보고
CST,Centi Stoke,점도단위
CSU,Continuos Ship Unloader,연속식 하역기
CT,Current Transformer,변류기
CT,Combustion Turbine,가스터빈의 별칭
CT,Controller Terminal,제어기 단자
CTCS,Condenser Tube Cleaning System,복수기관 세정계통
CTP,Condensate Transfer Pump,복수이송 펌퍼
Cu,Copper,구리
CV,Control Valve,제어밸브
CV,Coal Conveyor,석탄 컨베이어
CVCF,Constant Voltage Constant Frequency,정전압 정주파수 장치
CV-HTS,Control Valve High Transfer Switch,제어밸브 절환스위치 (고)
CV-LTS,Control Valve Low Transfer Switch,제어밸브 절환스위치 (저)
CVP,Condenser Vacuum Pump,복수진공 펌프
CVR,Control Valve Reference,제어밸브 개도
CW,Clockwise,시계방향
CW,Cooling Water (GE),냉각수
CW,Cooler,냉각기
CW,Circulating Water,순환수
CWM,Coal and Water Mixture (Slurry),석탄·물 혼합연료
CWP,Circulating Water Pump,순환수 펌프
CWT,Combined Water Treatment,산소주입 복합수 처리
CX,Crane & Hoist,크레인
D,Controllers,제어기
D,Derivation,미분
D,Density,"농도, 밀도"
DAP,Digital Output Module,디지털 출력 모듈
DAS,Data Acquisition System,자료 취득 장치
DB,Decibel,"소음, 데시벨"
DB(A),Decibel Acoustic,소음의 단위 (음향)
DB(V),Decibel Vibration,소음의 단위 (진동)
DBS,Digital Backup Control Card,디지털 후비보호 제어카드
DC,Dust Collector,집진기
DC,Direct Current,직류
DCA,Drain Cooler Approach,열교환기의 드레인 온도차
DCE,Data Communication Element,데이터 통신 소자
DCM,Digital Control and Monitoring system,터빈제어 감시 시스템
DCMR,Downcomer,강수관
DCN,Design Change Note,설계변경지시서
DCS,Distributed Control System,분산제어 시스템
DCT,Differential Current Transformer,차동전류 변압기
DDC,Direct Digital Control,분산디지털 제어장치
DDV,Disk Dump Valve,급속 차단밸브
DE,Discharge Electrode,방전극
DE,Deaccelerating,감속
DEA,Deaerator,탈기기 = DA
DEC,Decrease,"감소, 감발"
DEHC,Digital Electro-Hydraulic Control,디지털 전자유압 제어
DEMI WTR,Demineralize Water,순수
DEP,Digital Input Module,디지털 입력 모음
DES,Desuperheater,과열저감기
DEV,Deviation,편차
DF,Debris Filter,데브리 필터
DFCP,Debris Filter Control Panel,데브리필터 제어반
DG,Diesel Generator,직류 발전기
DH,Desuperheater,과열저감기
DH,District Heating,지역난방
Dia,Diameter,직경
DID,Direct Inward Dialing,직통 구내 착신 (전화)
Diff,Differential,"차이, 차등"
Diff-EXP,Differential Expansion,상대팽창
DIM,Dimension,"규격, 치수"
Disch,Discharge,"토출, 출구"
DL,Data Logging,데이터 수집
D/L,Distribution Line,배전선로
DLN,Dry Low NOx,건식 저NOx (버너)
DM,Damper,댐퍼
DM,Drum,드럼
DM,Demand Meter,최대수요 전력계
DM,DC Motor,직류 전동기
DMC,Distributed Micro Controller,분산 전자 제어기
DO,Diesel Oil,경유
DO,Dissolved Oxygen,용존산소
DOD,Direct Out Dialing,직통 구내발신 전화
DOR,Description Of Responsibility,업무분장 기술서
DP,Distribution Panel,배전반
DP,Damper,댐퍼
DPCV,Differential Pressure Control Valve,차압 조절 밸브
DPS,Data Processing Unit,데어터 처리장치
DPU,Distributed Pressure Unit,분산 처리장치
DPU,Differential Pressure Unit,차압장치
DRN,Drain,배수
DRT,Dynamic Response Test,동특성 시험
DS,Disconnecting Switch,단로기
D/S,Diesel power Station,디젤 발전소
DSM,Demand Side Management,수요관리
DSS,Daily Start up and Shut down,일일 기동정지
DT,Drain Trap,배수 트랩
DTP,Drain Transfer Pump,응축수 이송펌프
DW,Dead Weight,분동식 압력계
DWG,Drawing,도면
DXD,Differential Expansion,팽창차
E,Earth,접지
E,Voltage,전압
EA,Exhaust Air,배기공기
EBOP,Emergency Bearing Oil Pump,비상용 윤활유 펌프
EC,Economizer System (GE),절탄기 계통
ECC,Eccentricity,편심
ECO,Economizer,절탄기 
ECMS,Electrical Control and Management System,전기감시제어반
ECT,Eddy Current Test,와전류 탐상 시험
EDI,Electric Deionization,전기 탈이온장치
EDP,Engineering Drawing Progress,설계도면 진행표
EDPS,Electronic Data Processing System,전산자료 관리 시스템
EDS,Engineering Delivery Schedule,기술제공 일정표
EE,Ejector,배출기
EFF,Efficiency,효율
EH,Electrical Heat tracing panel,-
EHC,Electro Hydraulic Governor Control system,전자유압 조속기 제어계통
EHC,Electro Hydraulic Converter,전자유압 변환장치
EHS,Evaporating Heating Surface,증발 전열면
EHT,Electric Heat Tracing,전기가열에 의한 보온
EHT,Exhaust Hood Temperature,배기후드 온도
E/I,Voltage to current converter,전압전류 변환기
EJ,Expansion Joint,신축연결부
EL,Elevation,"해발고도, 높이 = ELEV"
ELB,Earth Leakage Breaker,누전 차단기
ELD,Economic Load Dispatching,경계급전
ELEP,Expansion Line End Point (at the actual exhaust pressure),팽창끝점 (실제 배기압에서)
ELV,Electrical Lockout Valve,전기작동 폐쇄 밸브
EMC,Electro Magnetic System,전자접촉기
EMGY,Emergency,비상
EMS,Energy Management System,에너지 종합관리 시스템
ENG,"Engine, Engineering","기관, 설계"
ENTHL,Enthalpy calculation,엔탈피 계산기
EOP,Emergency Oil Pump,비상급유 펌프
EOS,Emergency Overspeed System,비상과속도 보호계통
EP,Electrostatic Precipitator,전기집진기
EPC,Engineering Procurement Construction,"설계, 조달, 시공"
EPRI,Electric Power Research Institute,미국 전력연구소
Equip,Equipment,"기기, 장비"
ERV,Electro-magnetic Relief Valve,전자식 안전변
ESOP,Emergency Seal Oil Pump,비상밀봉유 펌프
ET,Voltage Transmitter,전압 전송기
ETS,Emergency Trip System,비상정지계통
ETSV,Emergency Trip Solenoid Valve,비상정지 전자변
ETT,Electronic Temperature Transmitter,전자온도 전송기
ETV,Electrical Trip Valve,전기식 차단 밸브
EVA,Early Valve Actuation,조기 밸브 조작 (IV　close)
Evap,Evaporator,증발기관
EWD,Electrical Wiring Diagram,"전기식 전개 접속도, 전기배선도"
EX,Exciter,여자기
Exp,Expansion,팽창
EXT,Extraction,터빈 추기
F,"Filter (GE), Flow","여과기, 흐름"
FA,Fly Ash system (GE),비회계통
FA,Full Arc Admission,전주분사
FATT,Fracture Appearance Transition Temperature,파괴천이 온도
FAX,Facsimile,팩시밀리
FB,Fire Ball,화구
FBC,Fluidized Bed Combustion,유동층 연소
FBR,Fast Bleeder Reactor,고속 증식로
FBN,Fuel Bound Nitrogen,연료 중의 질소성분
FC,Fixed Carbon,고정탄소
FC,Frequency Controller,주파수 제어기
FC,Flame Scanner,화염 감지기
FCB,Field Circuit Breaker,계자 차단기
FCD,Fluid Drain to Cooler,냉각수 회수유
FCN,Field Change Notice,현장 교정 지시서
FCR,Field Change Request,현장 교정 요청서
FCV,Flow Control Valve,유량 제어변
FCV,Flow Automatic Regulator,자동 유량 조절기
FD,Fire Chamber or Fire Door,"화재용 댐퍼, 문"
FDF,Forced Draft Fan,압입 통풍기
FDN,Foundation,기초
FDR,Feeder,공급기 = FR
FE,Fire Extinguisher,소화장치
FE,Flow Element,유량 측정 소자
Fe,Iron (Ferrite),철
FF,Feed Forward signal,선행 제어신호
FG,Flow Gauge,유압 측정게기
FGC,Flue Gas Conditioning,배기가스 조절
FGDS,Flue Gas Desulfurization System,탈황설비
FI,Flow Indicator,유량지시계
FJ,Flexible Connection,가변연결관
FL,Fail Lock (GE),고장시 잠김
FL,Floor,"층, 마루"
FL,Fault Locator,고장위치 표시기
FLG,Fluid Level Gauge,액면 게이지
FM,Frequency Meter,주파수 계기
FM,Flow Meter,유량계
FO,Fail Open (GE),고장시 열림
FO,Fuel Oil,연료유
FOB,Free On Board,본선 인도조건 물품가격
FOH,Forced Outage Hour,고장 정지 시간
FOR,Forced Outage Rate,고장 정지율
FP,Fire Protection (GE),화재 방지
FR,Frequency Relay,주파수 계전기
FR,Fault Recorder,고장 기록계
FSLL,Flow Switch Low Low,유랑 스위치 (L-L)
FSSS,Furnace Safeguard Supervisory System,노내 안전감시 계통
FT,Fluid Temperature,유동점 온도 (회융점)
FT,Flow Transmitter,유량 전송기
FT,Filed Test,현장 시험
FV,Flow Control Valve,유량 조절 밸브
F/V,Frequency Voltage Converter,주파수 - 전압 변환기
FVM,Field Voltage Meter,계자 전압계
FW,Front Wall,전벽
FW,Feed Water,급수
FWC,Feed Water Control,급수제어
FWH,Feed Water Heater,급수 가열기
FWRP,Feed Water warm up Recirculation Pump,급수예열용 재순환펌프
FWT,Feed Water Tank,급수저장소
FX,Flow Transmitter,유량 전송기
GAH,Gas Air Heater,가스 공기 예열기 = AP = A/H
GCB,Gas Circuit Breaker,가스차단기
GEN,Generator,발전기
GF,Governor Free,자동 주파수 조정
GCM,Generator Code Monitor,발전기 절연열화 감시장치
GGMS,Generator Gas Monitor System,발전기 가스상태 감지장치
GHR,Gross Heat Rate,발전단 연소비율
GHV,Gross Heating Valve ,고위 발열량
GIB,Gas Insulated Bus,가스 절연 모선
GIS,Gas Insulated Switch gear,가스 절연 변전소
GL,Green Lamp or Ground Level,녹색등 또는 지면 높이
GND,Ground,접지
Gov,Governor,속도 조정기
GPM,Gallon Per Minute,체적유량 단위 (gal/min)
GR,Ground Relay,접지계전기
GRD,Gradient,경사 변화율
GRF,Gas Recirculation Fan,가스재순환 통풍기
GRFSAB,Gas Recirculation Fan Seal Air Blower,가스재순환 통풍기 밀봉공기 송풍기
GS,Ground Switch,접지 스위치
GSC,Gland Steam Condenser,밀봉증기 응축기
GT,Gas Turbine or Ground Transformer,가스터빈 또는 접지 변압기
GWH,Giga Watt Hour,10?Wh
H,Height,높이
H,Hydrogen,수소
H,Hydraulic,유압
H,"Hand, Heating Coil","수동, 열교환용 코일 (튜브)"
HAD,Hot Air Damper,고온공기 댐퍼
HAG,Hot Air Gate,고온공기 게이트
HCF,High Cycle Fatigue,고주파 피로
HDP,Heat Drain Pump,급수가열기 배수 펌프
HDR,Header,헤더 
HE,Heat Exchanger,열교환기
He,Helium,헬륨
HEA,High Energy Arc,고에너지 아크
HFP,Hydraulic Fluid Pump,작동유 펌프
Hg,"Hydrargyrum, Mercury",수은
HGI,Hardgrove Grindability Index,분쇄성 지수
HHV,Higher Heating Valve,고위 발열량
HHW,Highest Height Water,최고 만조위
HI,High,높음
HL,High Level,고수위
HMI,Human Machine Interface,운영화면
HP,Horse Power or High Pressure,마력 또는 고압
"HP, H/P",Hydro-electric Power Plant,수력발전소
HPBP,High Pressure Bypass,고압 바이패스
HPBPV,High Pressure Bypass Valve,고압 바이패스 밸브
HPH,High Pressure Heater,고압 급수 가열기
HPT,High Pressure Turbine,고압 터빈
HPU,Hydraulic Power Unit,유압발생 장치
HR,Heat Rate or Hour,열소비율 또는 시간
HRH,Hot Reheater,고온 재열기
HRSG,Heat Recovery Steam Generator,폐열 회수 증기 발생기
HSBV,Heating Steam Block Valve,가열증기 차단밸브
HSFV,Heating Steam Feed Valve,가열증기 공급 밸브
HSPV,Heating Steam Pressurizing Valve,가열증기 가압 밸브
HT,Hemispherical Temperature,반구점
HT,Hydro Test,수압시험
HTG,Heating,가열
HTR,Heater,가열기
HV,High Voltage,고전압
HVAC,Heating Ventilating Air Conditioning system,공기조화설비
HW,Hot Water,더운 물
HX,High pressure Extraction (GE),고압추기
HYDRO,Hydraulic (GE),"유압의, 물의"
HYPO,Hypochlorite,차아염소산 나트륨
HZ,Hertz,주파수 단위 (C/S)
I,Integral,적분
I,Current ,전류
IAC,Instrument Air Compressor,제어용 공기 압축기
IC,Integrated Circuit,직접 회로
ICMS,Integral Control and Management System,종합감시제어반
ICS,Integrated Control System,통합 제어소
ID,Inside Diameter,내경
IDF,Induced Draft Fan,유인 통풍기
IDT,Initial Deformation Temperature,초기변형 온도 (회융점의 하나)
IEA,International Energy Agency,국제 에너지 기구
IEC,International Electro Technical Commission,국제 전기 기술위원회
IED,Integral Electric Device,디지털 계전기
IF,Initial Firing,최조 점화(화입)
IGCC,Integrated Coal Gasification Combined Cycle,석탄가스화 복합 사이클
IGV,Inlet Guide Valve ,가스터빈 입구 안내날개
IHX,Intermediate High Pressure,중압부 고압추기
IL,Inter Locking,인터로킹
ILT,Initial Load Test,최초 부하 시험
IM,Induction Motor,유도전동기
IMT,Intermediate Meeting,공정회의
INC,Increase,"증가, 증발"
INJ,Injection,주입
INN,Inner,내측의
INS,Instant ↔ time,순시
INST,Instrument,계측기
Int,Internal,내부의
INTEGR,Integrator,적분기
INTMD,Intermediate,중간
INVERT,Logic Inverter,논리 변환기
I/O,Input-Output device,입출력 장치
IP,Intermediate Pressure,중간압력 (중압)
I/P,Current ↔ Pneumatic converter,전류 공기변압기
IPB,Isolated Phase Bus,상분리 모선
IPL,Initial Pressure Limit,입구 증기압력 조정기
IPR,Initial Pressure Regulator,초압 조정기
ISO,International Organization for Standardization,국제 표준화 기구
ISPS,Intermediate Steam Pressure Sensor,중압 중기 압력 감지기
ITB,Invitation To Bid,입찰 안내서
ITD,Initial Temperature Difference,열교환기의 입구 온도차
IU,International Unit,국제단위
IV,Intercept Valve,중압터빈 차단밸브
IX,Intermediate Extraction (GE),중압 추기
J,Joule,열의 일당량
JB,Junction Box,중간 단자함
JOP,Jacking Oil Pump,축을 밀어 올리는 유압펌프
K,Time (BOP),시간
KKS,Kraftwerk Kennzeichnus System,Sulzer BLR 구성 번호집
KS,Knife Switch,나이프 스위치
KS,Korea Standard,한국공업규격
KV,Kilo Volt,"1,000 Volt"
KVA,Kilo Volt Ampere,피상전력의 단위
KW,Kilo Watt,"유효전력의 단위 (1,000W)"
KWH,Kilo Watt Hour,"전력량의 단위 (1,000WH)"
LA,Lighting Arrester,피뢰기
LAN,Local Area Network,근거리 통신망
lbs,Pounds,파운드
LC,Load Center/ Level Controller,저압차단기반/ 수위제어기
LCF,Low Cycle Fatigue,저주파 피로
LCP,Local Control Panel,현장 제어반
LCO,Load Cycling Operation ,중간부하 운전
LDT,Load Dump Test,부하 차단 시험
LED,Light Emitting Diode,발광다이오드
LET,Light Emitting Test,부하 차단 시험
LF,Load Factor,부하율
LG,Lower Gate,부하게이트
LG,Level Gauge,수위 게이지
LH,Left Hand,"왼쪽, 좌측"
LI,Lithium,리튬
LI,Level Indicator,레벨 지시계
LIMITM,Limit Indicator,제한 표시기
LMTE,Logarithmic Mean Temperature Differ,보일러 Tube 잔존수명
LHD,Low pressure Heater Drain,저압가열기 배수
LHV,Low pressure Heater Valve,저압가열기 밸브
LHV,Low Heating Value,저위발열량
LLM,Load Limiter Motor,부하제한기용 전동기
LLW,Lowest Low Water,최저간조위
LNG,Liquefied Natural Gas,액화천연가수
LO,Lubricating Oil,윤활유
LO,Light Oil,경유
LO-C,Light Oil - Coal,경유 - 석탄
LO-HO-C,Light Oil - Heavy Oil - Coal,경유 - 중유 - 석탄
LOG,Logic,논리 (회로)
LOP,Light Oil Pump,경유펌프
LOR,Lock Out Relay,폐쇄계전기
LOS,Lube Oil System,윤활유 계통
LOSP,Light Oil Service Pump,경유 이송펌프
LP,Low Pressure,저압
LP,Local Procurement,사업소 조달
LPBP,Low Pressure Bypass,저압 바이패스
LPBPV,Low Pressure Bypass Valve,저압 바이패스 밸브
LPG,Liquefied Petroleum Gas,액화석유가스
LPT,Low Pressure Turbine,저압 터빈
LS,Line Switch,선로 개폐기
LS,Limit Switch/ Load control Station,한계스위치/ 부하제어구역
LS,Level Switch,수위 개폐기
LSB,Last Stage Blade,터빈 최종단 날개
LSB,Load Set Back,부하급감
LSI,Large Scale Integrated circuit,고집적 회로
LST,Load Swing Test,부하변동시험
LSH,Level Switch High,고수위
LSWR,Low Sulphur Waxy Reside,저유황유의 일종
LT,Level Tank/ Level Transmitter,기수분리조/ 수위 전송기
LV,Low Voltage,저전압
LV,Level control Valve,수위조절밸브
LV,Lockout Valve,터빈 정지방지용 유압밸브
LVDT,Linear Variable Differential Transformer,신형가변 차동 변환기
LVL,Level,"높이, 수위"
M,Motor,모터
M,Mixer,혼합기
M/A,Manual ↔ Auto,수동 및 자동 절환장치
Man,Manual,수동
Max,Maximum,최대
MBC,Mill Burner Control System,"미분기, 버너 제어계통"
MBFP,Motor Driven Boiler Feed Pump,전동기 구동 보일러 급수 펌프
MBO,Mill Boiler Operator,미분기 보일러 운전원
MBP,Mixed Bed Polished,물처리 혼상탑
MBR,Maximum Boiler Rating,최대 증발 정격
MCB,Miniature Circuit Breaker,소형 차단기
MCC,Motor Control Center,전동기 제어반
MCCB,Molded Case Circuit Breaker,배선용 차단기
MCR,Maximum Continuos Rating,최대 연속 정격(출력)
MCSG,Metal Clad Switch Gear,폐쇄 배전반
MD,Metal Detector,금속 탐지기
MEB,Main Electrical Board,주전기 제어반
Mech,Mechanical,기계적인
Memb,Membrane,"멤브레인, 막"
MFG,Main Function Group,주기능 그룹 (제어계통)
MFCV,Minimum Flow Control Valve,최소유량 제어변
MFT,Master Fuel Trip,"주연료 트립, 주연료 차단장치"
MG,Motor - Generator,전동 발전기
MGR,Maximum Guaranteed Rating,최대 보증 정격(출력)
MHC,Mechanical Hydraulic Control,기계식 유압제어
MHD,Magnetic Hydro Dynamics,자기유체 발전
MIN,Minimum,최소
MIN,Minute,분
MISC,Miscellaneous,"잡설비, 각종"
MOF ,Metering Outfit,계기용 변압전류기
MOP,Main Oil Pump,주급유펌프
MOV,Motor Operated Valve,전동기구동 밸브
MPR,Monthly Progress Report,월간 진도 보고서
Mg,Magnesium,마그네슘
MR,Mixing Rate,혼합율
MS,Magnetic Separator,철편 분리기
MS,Moisture Separator,습분 분리기
MS,Main Steam,주증기
MSL,Main Sea Level,평균 해수면
MSP,Main Suction Pump,주흡입 펌프
MSV,Main Stop Valve,주증기 차단 밸브
MSPL,Main Steam Pressure Limit,주증기 압력 제한
MT,Metric Ton,"1,000 kg"
MT,Magnetic particle Test,자분탐상검사
MTBT,Mean Time Between Failure,평균 고장 시간
MTD,Mean Temperature Difference,평균 온도차
MTr,Main Transformer,주변압기
MTSV,Mechanical Trip Solenoid Valve,기계적 정지전자변
MTTR,Mean Time To Repair ,평균정비 시간
MTV,Mechanical Trip Valve,기계적 트립변
MV,Management Vitality,경영활력 운동
MW,Mega Watt,10?W
MWH,Mega Watt Hour,10?Wh
N,Newton,힘의 단위
N,Nitrogen,질소
N,Nozzle,노즐
N,Negative,부극
N,Neutral,중성
N,Tacho Meter,회전계
Na,Natrium,나트륨
N/A,"Not Assigned, Non-applicable",할당(해당) 없음
NC,Normally Closed,상시폐쇄
NCR,Nominal Continuous Rating,공칭연속정격
NCR,Non Conformance Report,부적합 보고서
NDE,Non Drive End,구동장치 반대측 단부
NDT,No Destructive Test,비파괴 시험
NE,Neon,네온
NEMA,National Electric Manufacturers Association,미국전기 제작자 협회
NFB,No Fuse circuit Breaker,중성점 접지 변압기
NG,Natural Gas,천연가스
NGT,Natural Ground Transformer,중성점 접지 변압기
NHR,Net Heat Rate,순 열 소비율
Ni,Nickel,니켈
NL,No Load,무부하
NLTC,No Load Tap Changer,무부하시험 탭 변환기
NM³,Normal cubic meter,Normal 상태의 체적
No,Number,번호
NO,Normally Open,상시 열림
NOx,Nitrogen Oxides,질소산화물
NPSH,Net Positive Suction Head,유효흡입수두
NR,Nominal Rating,공칭정격
NRV,Non Return Valve,역류방지 밸브 (역류변)
NSPB,Non Segregate Phase Bus,비 상분리 모선
NWT,Neutralized Water Treatment,중성수 처리
O,Open,열림
O,Oxygen,산소
OBP,Over Board Pump,방출펌프
OC,Oil Conditioner,오일정화기
OCB,Oil Circuit Breaker,유입차단기
OCG,Over Current Ground,지락 과전류 계전기
OCR,Over Current Relay,과전류 계전기
OCVR,Over Current Voltage Relay,전압 제어부 과전류 계전기
OD,Outside Diameter,외경
ODBP,Oil Driven Booster Pump,유 구동 승압펌프
OEL,Over Excitation Limit,과여자 제한장치
OFA,Over Fire Air,과잉연소공기
OH,Overhaul,계획예방정비
OIS,Operators Interface Subsystem,운전원 조작감시 장치
OJT,On the Job Training ,현장실무 교육
OL,Overload,과부하
OLR,Overload Relay,과부하 계전기
OLTC,On Load Tap Changer,부하시 탭 절환장치
OLV,Overload Valve,과부하 밸브
OM,Operation Mode,운전모드
OP,Open,"개, 100% 열림"
OPER,Operation/ Operator,운전/ 운전원
ORP,Oxidation Reduction Potential,산화환원전위
OS,Over Speed,과속도
OST,Over Speed Trip,과속도 정지
OT,Oil of Transformer,변압기유
OTBD,Out Board,외측의
OTEC,Ocean Thermal Energy Conversion,해양온도차 발전
OTM,Once Through Mode,관류 운전 모드
OTR,Outer,외측
OTSV,Oil Trip Solenoid Valve,오일 트립 전자밸브
OTU,Once Through Unit,관류형 보일러
OVGR,Over Voltage Ground Relay,지락 과전압 계전기
OW,Outdoor Weather-proof polychloride insulated wire,옥외용 비닐 절연 전선
P,Plate,판
P,Pneumatic (BOP),공기
P,Pressure/ Proportional,압력/ 비례
PA,Partial Arc,부분분사
PA,Primary Air,1차 공기
PAF,Primary Air Fan,1차 공기 송풍기
PB,Push Button,"푸쉬버튼, 누름 스위치"
PC,Petersen Coil,소호 리액터
PC,Process Controller,공정제어기
PC,Pulverized Coal,미분탄
PC,Pressure Controller,압력제어기
PCB,Power Circuit Breaker,전력용 차단기
PCO,Plant Control Operator,플랜트 제어운전원
PCV,Pressure Control Valve,압력제어 밸브
PD,Pressure Differential,차압
PDC,Pressure Differential Controller,차압 제어기
PE,Projector Engineer,사업관리 담당실무자
PEM,Primary Event Monitor,주요고장 감시버스
PF,Plant Factor,발전율
PF,Power Factor,역율
PG,Pressure Gauge,압력계
PH,Power of Hydrogen on concentration,수온 이온농도 지수
pH,Power of Hydrogen ion,수소이온 농도의 음의 대수값
PI,Polarization Index,성극지수
PI,Preliminary Inspection,예비시험
PI,Pressure Indicator,압력지시계
P/I,Pneumatic to circuit convertor,공기 ↔ 전류 (변환기 ↔ I/P)
PID,P + I + D ,PID 제어
P&ID,Piping & Instrumentation Diagram,배관 및 계측기 도면
PLC,Programmable Logic Controller,프로그램이 가능한 로직 콘트롤러
PLU,Power Load Unbalance,전력대 부하 불평형
PM,Pollution Minimum,공해 최소
PM,Preventive Maintenance,예방정비
PM,Project Manager,사업관리 책임자
PNL,Panel,배전반
P/O,Power Operation,전력소
P/P,Power Plant,발전소
PP,Pump,펌프
PPB,Part Per Billion,십억분율
PPM,Power Per Million,백만분율
PPTR,Precipitator,집진기 (=EP)
PR,Pressure,압력
PR,Progress Report,진도 보고서
Pri,Primary,1차
PRM,Project Review Meeting,사업 추진회의 
PS,Power Supply,전원 공급장치
PS,Pressure Switch,압력 스위치
PSAB,Pulverizer Seal Air Blower,미분기 밀봉공기 송풍기
PSB,Plant Surge Bin,석탄 완충조
PSF,Pounds per Square Foot,압력단위 (LB/ft²)
PSH,Primary Super Heater,1차 과열기
Psia,Pounds per square inch,절대압력의 단위 (LB/in².a)
Psig,Pounds per square inch (guage),절대압력의 단위 (LB/in².g)
PSS,Power Stabilizer System,계통 안전화 장치
PSS,Plant automatic start up/ shut down ,발전소 자동 기동 정지
PSSH,Platen Secondary Superheater,판형 2차 과열기
PSV,Pressure Safety or Relief Valve,압력 안전변
PT,Penetrant Test,액체 침투 탐상시험
PT,Performance Test,성능시험
PT,Potential Transformer,계기용 변성기
PT,Pressure Transmitter,압력전송기
PT,Power Test code,전원시험 코드
PTC,Performance Test Code,성능시험 코드
PU,Per Unit,단위
PU,Pick Up,"측정요소, 소자"
Pulv,Pulverizer,미분기
PV,Pressure Control Valve,압력조절밸브
PVC,Process Video Control,발전소 화상제어
PVW,Potable Water,식수(음용수)
PWR,Power,전원
PX,Pressure Transmitter,압력전송기
Q,Quantity (BOP),양
QA,Quality Assurance,품질보증
QAO,Analog Output,아날로그 출력
QAV,Analog Input,열전대 아날로그 입력카드
QC,Quality Control,품질관리
QS,Quick Start reserve,순시예비력
QTY,Quantity,수량
R,Resister,저항기
R,Reset,복귀
RB,Runback,"급감발, 런백"
RBLR,Reboiler,보조증기 발생기
RC,Recloser,재폐로기
RCR,Reverse Current Relay,역상 전류 계전기
R&D,Research and Development,연구개발
RDR,Ratio Differential Relay,비율차동 계전기
Recir,Recirculation,재순환
Ref,Reference,"기준, 참조"
Re NPSH,Required NPSH,필요흡입수두
REV,Revolution,회전
Rev,Revision,수정
REP,Request for Proposal,입찰권유서
RFV,Reverse Flow Valve,역류밸브
RG,Reduction Gear,감속기어
RH,Reheater,재열기
RH,Right Hand,오른쪽
RL,Red Lamp,적색등
RO,Reverse Osmosis System,역삼투압설비
ROM,Read Only Memory,기억해독장치
RP,Reverse Power,역전력
RPM,Revolution Per Minutes,분당회전수
RS,Recirculation System (GE),재순환계통
RSI,Rotor Stress Indicator,축응력 지시계
RSOP,Recirculation Seal Oil Pump,재순환 밀봉유 펌프
RSV,Reheat Stop Valve,재열증기 차단 밸브
RT,Radiography Test,방사선 투과 검사
RTD,Resistance Temperature Detector,저항 측온계
RTL,Rate Limiter,비율저항계
RTU,Remote Terminal Unit,원격 단말장치
Rub,Rubbing,마찰
RVR,Reverse Voltage Relay,역상 전압 계전기
RW,Raw Water,"원수, 공업용수"
RxD,Rotor Expansion,로터 팽창
RY,Relay,계전기
S,Set ,조정
S,Strainer,여과기
S,Stress,"응력, 내력"
S,Structural,일반구용 압연재
S,Sulfur,황
S,Solenoid Valve,전자변
S,Speed or Frequency,속도 또는 주파수
SA,Seal Air,밀봉용 공기
SA,Secondary Air,2차 공기
SA,Service Air,작업용 공기
SA,Surge Arrester,피뢰기형 고주파 제거기
SAC,Service Air Compressor,작업용 공기압축기
SAF,Seal Air Fan,밀봉 공기용 통풍기
SB,Soot Blower,제매기
SB,Switch Board,스위치반
SBO,Switch Board Operator,배전반 운전원
SBS,Soot Blower System,제매설비
SC,Speed Controller,속도제어기
SC,Static Condenser,정전 축전기
SC,Specific Conductivity,비전도도
SCADA,Supervisory Control And Data Acquisition,원방감시 제어
SCAH,Steam Coil Air Pre-heater,증기식 공기예열기
SCC,Stress Corrosion Crack,응력 부식균열
SCC,Supervisory Computer Control,계산기 감시제어
SCFH,Standard Cubic Feet per Hour,시간당 표준입방 피트
SCH,Schedule,"계획, 관 두께 표시단위 "
Sch,Schematic,전기단선 골격도
SCMX,Steel Chromuim Molybdenum,Cr - Mo강
SCO,State Control with Observer,상태 제어 감시장치
SCOCTR,SCO Control Module,SCO 제어모듈
SCR,Silicon Controlled Rectifier,정류기
SCRN,Screen ,"그물, 채, 격자"
SCRX,Steel Chromium,Cr강
SCWP,Stator Cooling Water Pump,발전기 고정자 냉각수 펌프
Sec,Secondary,2차
SEP,Separator,분리기
SETPNT,Set Point Generator,Set 값 발생장치
SFC,RAM/EPROM Memory,가기억/ 영구기억
SFG,Sub Function Group,부기능 제어그룹
SH,Shelter House,계면 활성제 혼합실
SH,Superheater,과열기
Si,Silicon,실리콘
SIMOCODE,Sirius Motor Management and Control Device,지능형 전동기 제어반 (Simens)
SIT,Sharpy Impact Test,충격시험
SIU,Station Interface Unit,발전소 제어계통 연계장치
SJAE,Steam Jet Air Ejector,증기분무식 공기추출기
SLD,Single Line Diagram,전기단선 골격도
SLMIT,Signal Limiter,신호제한기
SLP,Sea water Lift Pump,해수 인양펌프
SLV,Solenoid Valve,전자변
Sm³,Standard Cubic Meter,표준상태의 체적
SOE,Sequence Of Event,시간대별 운전상황
SOL,Solenoid,솔레노이드
SOP,Seal Oil Pump,축밀봉유펌프
SOP,Standard Operating Procedure,표준업무 절차 (별도지시없이 시행하는)
SORP,Seal Oil Recirculation Pump,축밀봉유 순환펌프
SOV,Shut - Off Valve,차단변
SOx,Sulfur Oxides,유황산화물
SP,Separator,분리기 = Sep
SPC,Set Point Control,설정치 제어
SPD,Speed,속도
SPE,Steam Packing Exhauster,증기배출기
SPE,Steam Particle Erosion,증기침식
Spec,Specification,"사양, 규격"
SPL,Sound Pressure Level,소음도
SPU,Speed Pickup Device,속도 검출장치
Sq,Square,제곱 평방
SQC,Sequence of Control,시퀀스 제어
SR,Short Rotor,로타수축
SR,Shunt Reactor,분로리액터
S/R,Stacker/ Reclaimer,저탄 및 상탄 설비
SS,Selector Switch,선택 스위치
S/S,Substation,변전소
SS,Surge Suppressor,충격완충장치
SS,Suspended Solid,부유고형물
SSAB,Scanner Seal Air Blower,화염검출기 빌봉공기 송풍기
SSDV,Seal Steam Diverting Valve,밀봉증기 배출 밸브
SSF,Seconds Saybolt Furol,점도단위
SSFV,Seal Steam Feed Valve,밀봉증기 공급밸브
SSH,Secondary Super Heater,2차 과열기
SSO,Supercritical Sliding Operation,초임계압 변압운전
SSR,Steam Seal Regulator,밀봉증기 조절기
SST,Solid State Trip device,전자식 트립 장치
ST,Softening Temperature,회융점 온도 (연화점)
ST,Start,기동
ST,Steam Trap,스팀트랩
S/T,Steam Turbine,증기터빈
STC,Steam Temperature Control,증기온도 제어
STD,Standard,표준
STD,Steam Turbine Drains (GE) ,터빈 배수
STG,Stage,단
STG,Storage,저장
STM,Steam,증기
STP,Stop Push Button,정지 버튼
STR,Strainer,여과기
STSXX,Steel Tube Stainless,스테인레스 강관
SU,Start up,기동
SUB-BITM,Substitutions Coal,아역청탄
Suc,Suction,흡입
SUS(XX),Stainless Steel,스테인레스강 (JIS규격)XX:kg/mm²
SV,Safety Valve,안전밸브
SV,Servo Valve,유압밸브
SV,Solenoid Valve,전자밸브
SV,Stop Valve,차단밸브
S/V,Supervisor,제작설계 시공 감리 기술자
SVBV,Stop Valve Bypass Valve,차단밸브 바이배스 밸브
SVC,Static Var Compensator,정지형 무효전력 보상장치
SW,Sea Water,해수
SW,Side Wall,측벽
SW,Switch,스위치
SWBP,Sea Water Booster Pump,해수승압펌프
SWCWP,Sea Water Cooling Water Pump,해수 냉각수 펌프
SWGR,Switchgear,고압차단기반
SWYD,Switchyard,옥외변전설비
SXD,Shell Expansion,겉면 팽창
Syn,Synchronization,병입
SYS,System,계통
T/A,Technical Advisor,기술감리자
TAT,Turbine After Temperature,G/T 출구 가스 온도
TB,Terminal Board,단자대
TB,Transport Blower,회이송용 송풍기
TBFP,Turbine driven Boiler Feed Pump,터빈 구동 보일러 급수 펌프
TBN,Turbine,터빈
TBS,Turbine Bypass System,터빈 바이패스 계통
TBWS,Thrust Bearing Wear Detector,추력축수 마모 검출장치
TC,Thermo Couple,열전대
TC,Trip Coil,차단 코일
TC,Temperature Controller,온도제어기
TC,Time Constant,시정수
TCMS,Turbine Control and Management System,터빈감시제어반
TDC,Time Delay Circuit,시간 지연 동작회로
TODO,Time Delay Drop Out,한시복귀
TDO,Time Delay Open,한시복귀
TDPU,Time Delay Pick Up,한시 동작
TDR,Time Delay Relay,지연 계전기
TDV,Three way Diverting Valve,3로 전환 밸브
TE,Temperature Element,온도 검출 소자
TEFC,Totally Enclosed Forced Cooled,전폐 강제 냉각형 
Temp,Temperature,온도 = T
TENV,Totally Enclosed Pipe Ventilated,전폐 자냉형
TEP,Turbine End Point,터빈 종단점 (증기 팽창선)
TEPV,Totally Enclosed Pipe Ventilated,전폐관 통풍형
TG,Top Gate,"위, 상부게이트"
TG,Turning Gear,터닝기어 (터빈 정지 중 회전장치)
TGM,Turbine Generator Monitor,터빈 발전기 감시기
TGOP,Turning Gear Oil Pump,터닝기어 오일펌프
TGSI,Turbine Generator Supervisory Instrumentation,터빈발전기 감시계측기
TH,Thermometer,온도계
THK,Thickness,두께
THO,Top Heater Out of service,최상단 급수가열기 고장시 출력
THR,Thermal Relay,열동 계전기
Ti,Titanium,티타늄
TK,Tank,탱크
T/L,Transmission Line,송전선로
TLD,Thermo Luminescence Dosimeter,열형 광선량계
TLR,Tim Lag Relay,한시 릴레이
TM,Trouble Memo,정비 의뢰서
TM,Total Moisture,총 수분
TMR,Triple Modular Redundancy,3종 모듈후비 보호
TMS,Telemetry System,대기오염 자동 감시체제
TO,Turbine Operator,터빈 운전원
TO,Table Organization,정원
TOE,Ton of Oil Equivalent,석유 환산톤
TOP,Trial Operation Procedure,시운전 절차서
"TP, T/P",Thermal Power Plant,화력발전소
TPS,Turbine Protection System,터빈 보호장치
TQC,Total Quality Control,종합 품질관리
TR,Transformer,변압기
TR,Transistor,반도체
TS,Travelling Screen,회전 오물제거망
TS,Temperature Switch,온도 스위치
TS,Technical Specification,기술규격
TSI,Turbine Supervisory Instrument,터빈 감시계측기
TST,Temporary Strainer,임시 여과기
TSWP,Traveling Screen Wash Pump,오물 제거망 세척 펌프
TT,Transfer Tower,이송탑
TTD,Terminal Temperature Difference,(열교환기의) 종단온도
TTP,Time Temperature Parameter,"시간, 온도변수"
TTY,Tele-Typewriter,전송 통신기
TW,Thermo well,온도계 설치구멍
TWI,Turbine Water Induction,터빈 물유입
TWS,Traveling Water Screen,오물 제거망
TX,Transmitter,전송기
TX,Temperature Transmitter,온도 전송기
TX,Terminal Box,터미널 박스 (전선연결박스)
UA,Unloading Arm,양유기
UC,Unburned Carbon,미연탄소
UCB,Unloading Control Building,하역 제어실
UCC,Unit Coordinator Control system,보일러 터빈 협조 제어계통
UCR,Under Current Relay,부족전류 계전기
UEEP,Used Energy End Point,사용 에너지 종단점 (증기팽창선)
UEL,Under Excitation Limiter,저여자 제한기
UF,Utility Factor,이용율
UF,Ultra Membrane Filter,한외여과기
UFR,Under Frequency Relay,저주파수 계전기
UH,Unit Heater,소내 난방장치
UHC,Unburned Hydro Carbons,미연 탄화수소
UHF,Ultra High Frequency,극초단파
UHV,Ultra High Voltage,초고전압
ULD,Unit Load Demand,발전소 출력 요구신호
ULTC,Unload Tap Changer,무부하시 탭 전환기
UMC,Unit Master Controller,발전소 주제어기
UNEP,United Nations Environmental Program,유엔 환경 계획
UPR,Upper,상부
UPS,Uninterruptable Power Supply System,무정전 전원 공급장치
UR,Unit Recorder,배전반 기록계
URAL,Under excited Reactive Ampere Limiter,저여자 무효전류 제한장치
URT,Ultrasonic Radio graphic Test,초음파 탐상시험
UT,Ultrasonic Test,초음파 탐상검사
UV,Ultra Violet,자외선
UVR,Under Voltage Relay,저전압 계전기
V,Volt/ Volt Meter,전압단위/ 전압계
VAB,Vacuum Breaker (GE),진공차단기 (복수기)
VAC,Vacuum,진공
VAS,Vibration Analysis System,진동분석 장치
VC,Voith Coupling,유체 커플링
VCB,Vacuum Circuit Breaker,진공 차단기
VCI,Volatile Corrosion Inhibitor,기화성 방청제
VDC,Volts Direct Current,직류전압 = DC
VF,Vibratory Feeder,진동식 급탄기
VHF,Very High Frequency,초고 주파수
VHV,Very High Voltage,초고전압
V/Hz,Volts/ Hertz,전압/ 주파수 비율
VI,Visible Inspection,육안 검사
Vib,Vibration,진동
VLF,Very Low Frequency,초저 주파수
VLSI,Very Large Scale Integrated Circuit,최대규모 집적회로
VM,Volatile Matter,휘발분
VMS,Vibration Monitering System,진동 감시장치
VOL%,Volume Percent,체적 백분율
VPL,Valve Position Limiter,밸브 개도 제한장치
VPO,Variable Pressure Operation,변압운전
VPU,Video Process Unit,화상 진행 장치
VPT,Valve Position Transducer,밸브개도 전송기
VR,Voltage Regulator,전압 조정기
VR,Voltage Relay,전압계전기
VS,Voltmeter Switch,전압계 선택 스위치
VT,Valve Test,밸브 동작시험
VTB,Vertical Board,중앙제어실 수직 제어반
VTD,Vacuum Trip Device,진공 정지 장치
VV,Ventilation Valve,고압터빈 배기 밸브
Vv,Valve,밸브
VVF,"Variable Voltage, Variable Frequency",교류 가변속 구동 장치
VWO,Valve Wide Open,밸브 전개시 출력
W,Watt/ Watt Meter,전력단위/ 전력계
WAS,Water Analysis System,물분석 계통
WB,Wind Box,통풍박스
WBDC,Wind Box Damper Control,통풍박스 댐퍼 제어
WC,Water Column,수주
WDG,Winding,권선
WG,Water Gauge,수주
WHM,Watt Hour Meter,적산 전력계
WHDM,Watt Hour Demand Meter,최대 전력표시 전력량계
WL,White Lamp,백색등
WP,Water Proof,전폐방수형
WP-1,Weather Protected Type,반폐방수형
WPS,Welding Process Specification,용접 절차서
WR,Welding Receptacle,용접용 콘센트
WS,Water Seal,수밀봉
WSS,Weekly Start up and Shut down,주말 기동/정지
WT,Weight,중량
WT,Weight percent,중량 백분율
WTD,Winding Temperature Detector,권선온도 검출장치
WTR,Water ,물
WTR/STM,Water/ Steam,물/ 증기
WW,Water Wall,수냉벽
WWD,Weather Working Day,기상조건상 작업가능일수
Y,Deionizer,이온 제거 장치
YDE,Deionizer,이온 제거 장치
YGP,Yancey Geer Price,철분 마모 지수
YST,Strainer,여과기
XDCR,Transducer,변환기
XF,Filter,여과기
XFER,Transfer,절환
XFMR,Transformer,변압기
Z,Position (BOP),위치
ZCT,Zero Current Transformer,영상 변류기
ZD,Zero Defect Movement,무결점 운동
