발전용어(한글명),발전용어(한문명_영문명),내용
가스연소장치 ,"가스燃燒裝置, Fuel Gas Firing Eq- uipment","가스 연료를 연소시키는 장치로 천연가스, 석유 정제가스, 용광로 가스, 코크스로 가스 등이 있다."
가스연소보일러 ,"가스燃燒보일러, Gas Fired Boiler","연료로써 4.0×10MJ/N㎥정도의 고발열량을 갖는 천연 가스, 석유정제 가스나 4.0×10 MJ/N㎥이하의 발열량이 낮은 고로 가스나 폐가스 등을 연료로 연소시켜 증기를 발생시키는 장치. 가스 연소는 오일 연소와 같이 분무화에 의한 비용이 들지 않고 버너는 가스와 공기의 혼합을 높게 해서 연소실로 보내면 되므로 간단하게 된다."
가스터빈 ,Gas Turbine,"기체를 압축, 가열하여 연속적으로 팽창시켜서 그것이 보유하는 열에너지를 기계적 에너지로 바꾸는 열기관으로 가스터빈은 회전식 내연기관이나 증기터빈에 비하여 단위출력당 크기가 적고 중량이 가벼우며 저품위연료의 사용이 가능하고 운전조작이 간단한 장점이 있다. 그러나 고급내열재로 제작해야하고 열효율이 낮으며 부분 부하성능이 좋지 않고 소음이 심한 것이 단점이며 원칙적으로 압축기, 연소기, 터빈, 제어장치 및 필요에 따라 열교환기 또는 기타의 보조기기로 구성되어 있고 발전, 기관차, 선박, 항공기 등에 사용된다. "
가압기 ,"加壓機, Pressurizer","가압수형 원자로(PWR)의 운전시 고온의 1차 냉각수가 100℃ 이상에서도 증발되지 않도록 냉각재에 압력을 가하여 불포화상태로 유지하는 동시에, 원자로용기 내분 수위를 일정하게 유지하기 위한 세로형 원통용기이다. 정상운전중에는 원자로냉각재계통의 압력을 일정하게 유지하고 과도상태에서는 압력변화를 제어하는 기능을 갖는다. "
가열기제외운전/히터컷운전 ,"加熱器除外運轉/히터컷運轉, Heater Cut Operation","증기터빈 발전소에서 일시적으로 고압 급수가열기를 사용하지 않고 운전하는 방법으로 작동유체의 공급열량대비 열효율은 다소 저하되나 출력이 다소 증가되는 효과가 있다. 계통사고나 발전지장 및 기상조건 급변 등의 긴급사태에 대응하기 위하여 일시적으로 공급력을 증가하는 수단으로 사용되며, 보일러를 최대증발량으로 운전하면서 터빈의 증기제어변은 거의 모두 열린상태에서 고압급수가열기에 공급되는 추기의 일부를 차단하고 그 증기를 터빈에서 팽창시켜 출력을 증가시키는 운전방법이다."
건포화증기 ,"乾飽和蒸氣, Dry Saturated Steam",주어진 압력하에서 포화온도를 유지하면서 습분을 전혀 포함하지 않은 상태의 증기(건도 1인 증기)를 의미한다.
결상/역상전압계전기 ,"缺相/逆相電壓繼電器, Negative ","3상전력 공급 계통에서 불평형운전, 결상운전, 역상운전 또는 1선지락과 같은 불평형 고장시에 발생하는 역상분 전압을 검출하여 동작하는 계전기이다."
경제부하배분장치 ,"經濟負荷配分裝置, Economical Load Dispatcher",발전소를 운용하는 경우 그 발전소가 최고효율로 운전되고 또 각 발전소에 걸리는 부하가 경제적으로 배분되도록 해야한다. 즉 효율이 높은 발전소를 운전하고 각 발전소의 연료비의 합계가 최소가 되게끔 부하가 배분되도록 각 발전소의 부하를 정하는 것이 ELD이며 이의 지령전달장치로서 출력 기준치지시장치(OTM:Order Telemeter)가 있다. 
고장정지율 ,"故障停止率, Forced Outage Ratio",기기의 고장 정지 비율을 평가하는 지수로 일반적으로 일정기간 내에서의 고장정지 시간과 운전시의 합에 대한 고장 정지일수(시간)의 비율을 말한다.
공급예비력 ,"供給豫備力, Supply Capacity","발전설비의 총 시설용량 중에서 예측이 가능한 출력 감소분을 제외한 공급가능용량과 전력수요와의 차이를 말하며, 주로 당일의 수요예측 오차, 발전기의 고장, 계통주파수의 조정 및 기타 순시부하의 변동 등에 대하여 전력을 원활하게 공급할 수 있도록 하기 위하여 보유한다. 공급가능용량은 총 설비용량에서 발전기 출력감소분을 제외한 것으로 출력감소는 주로 계획예방정비, 수력발전의 댐 수위저하에 의한 발전력 감소, 성능저하, 열공급발전기의 열공급 시 출력감소 등 이다.공급예비력(MW) = 공급가능용량(MW) - 전력수요(MW)"
과열도 ,"過熱度, Degree of Superheater","포화증기 상태의 유체가 열을 받아 포화온도 이상으로 가열되는 현상을 과열이라 하고 이 상태의 증기를 과열증기라 하며, 과열증기 온도와 그 압력에서의 포화증기 온도와의 차를 과열도라 한다."
기동정지계획 ,機動停止計劃,발전기의 연료비와 기동비용을 고려해서 거래기간별로 투입될 발전기의 ON/OFF 스케줄을 수립하는 절차로 주로 동적계획법(Dynamic Programming)에 의해 작성된다.
냉각수열교환기 ,"冷却水熱交換機, Cooling Water Heat Exchanger/Cooling Water Cooler","주로 H2 Cooler, 터빈 Oil Cooler 및 각종 베어링 등의 냉각수를 해수로서 냉각시키는 장치이다."
냉각재 ,"冷却材, Coolant","원자로에서 핵분열에 의해 발생하는 열에너지를 노심으로부터 노 외로 끄집어내기 위한 물질을 말한다. 냉각재는 원자로에 장전된 핵연료 집합체들이 모여 있는 연료봉 바깥을 통과하여 흐르면서 핵연료와의 열전달을 통해 열을 흡수하여 원자로의 온도를 일정수준으로 유지하는 한편, 흡수한 열을 증기발생기와 열교환 등을 통하여 외부로 전달한다.냉각재로는 경수(경수로), 중수(중수로), 나트륨 등의 액체나 탄산가스 등의 기체가 사용되며 냉각재는 정상운전 중에는 열에너지의 운반 및 원자로의 온도 유지가 중요한 기능이지만, 사고 시에는 원자로가 과열되지 않도록 원자로를 비상시 냉각시키는 기능을 한다."
내화구조 ,"耐火構造, Fireproof Construction",화재가 발생했을 경우 구조물에는 불연성 이외에 열에 의한 파손과 도괴의 피해확대를 방지하기 위해 내화성능이 요구된다. 화재에 대하여 일정시간동안 내화성능을 갖는 구조를 내화구조라고 한다. 내화구조는 오랜 시간동안 화재에 견디는 것으로 화재 후에도 작은 수리에 의해서 재사용할 수 있는 것이어야 한다. 화학플랜트 등의 지지구조물에 대한 내화구조는 위험물질의 성질이나 양 등을 고려하여 내화시간을 결정해야 한다. 그 때문에 철골에 적절한 내화피복의 실시가 요구된다.
노내퍼지 ,"爐內퍼지, Furnace Purge",보일러 점화전이나 소화 후 노내에 잔류한 미연가스에 의한 폭발을 방지하기 위하여 노내의 가스를 배출시키는 것이다.
노즐플래퍼기구 ,"노즐플래퍼器具, Nozzle Flapper Device",공기식 계기에 사용되는 기본 기계기구로서 노즐과 플래퍼사이의 간격으로 공기압 출력을 조절한다. 즉 변위-공기압 변환장치이다.
누설변압기 ,"漏泄變壓器, Leakage Transformer","누설 리액턴스가 커서, 부하 전류 증가와 동시에 출력 단자간 전압이 감소하는 수하 특성을 가지고 있는 변압기로서, 방전관의 점등용 변압기 등에 사용된다. 또 누설 자속을 조정하여 부하에 관계없이 일정 전류를 공급하는 정전류 변압기를 만들 수 있다. "
내화물 ,"耐火物, Refractories","일반적으로 고온가열용의 기재로 사용되는 물질로서 고온에 견디며, 화학적으로 안정된 무기화합물재료를 말한다. 건축에서 말하는 화재에 견디는 내화재료가 아니라 적어도 1000℃이상의 고온에서 연화(軟化)하지 않고, 강도를 충분히 유지하며, 화학적 작용에도 견딜 수 있는 재료로서 한국공업규격(KS)에 의한 내화도측정법에서 SK26(1,580℃에 해당) 이상의 내화도를 가진 것을 말한다. 대표적인 내화물은 내화벽돌로서 철강관계의 노재(爐材)나 요업의 축로재료 등에 사용된다."
다축형가스터빈 ,"多軸型가스터빈, Multi-Shaft Gas Turbine",터빈이 2축 이상으로 나누어져 있어 이들이 각각 기계적으로 독립된 회전축으로 되어 있는 가스터빈으로 이축형의 경우 터빈이 고압터빈과 저압터빈으로 분리되어 있고 고압터빈은 압축기를 돌려주고 저압터빈은 발전기를 돌려준다. 일축형 가스터빈보다 구조가 복잡하나 소형 경량화가 가능하고 저출력시는 압축기 회전속도를 낮출 수 있어 부분부하시 효율저하가 적다.
단락보호 ,"短絡保護, Short Circuit Protection",단락고장이란 정상운전상태에서 도체간 전위가 서로 다른 전기회로가 상호 접촉되는 고장을 말하며 합선(合線)이라고도 한다. 예를 들어 가정집에서 사용하는 전선이 상호 접촉되는 경우가 이에 해당한다. 전기회로에 단락고장이 발생하면 전류가 크게 증가하게 되고 이는 열을 발생시켜 설비손상 또는 화재의 원인이 되기도 한다. 따라서 고장이 발생하면 가능한 신속하게 고장을 검출하여 고장부위를 정상적인 전기회로로 부터 분리해야 하며 이러한 전기회로의 비정상 상태를 제거하기 위해 설치하는 장치를 보호장치라 한다. 단락보호장치의 종류로는 과전류계전기(OCR)에서 거리계전기에 이르기까지 보호대상에 따라 다양한 종류 있다
단열팽창 ,"斷熱膨脹, Adiabatic Expansion",유체가 외부와 열의 교환이 없이 팽창되는 것을 말하며 팽창전후 유체의 상태 변화과정은 엔트로피가 일정한 가역과정으로 된다.
단열효율 ,"斷熱效率, Adiabatic Efficiency/Isen- tropic Efficiency",이상적 단열과정에서의 일과 실제과정에서의 일의 비를 나타낸 것으로 다음 식으로 표현할 수 이다. 단열 압축효율=이상적 단열압축에 필요한 일/실제압축에 필요한 일 단열팽창효율=실제팽창시의 일/이상적 단열팽창시의 일이다.
데포지트 ,Deposit,전열면의 내외면에 불순물 또는 연소 생성물이 부착 성장한 것을 말한다.
"동점성계수, 동점도 ","動粘性係數, 動粘度, Kinematic Viscosity, Coefficient of Kinematic Viscosity","유체의 점성계수를 그 유체의 밀도로 나눈값이다 단위로는 ㎡/s, ㎠/s 등이 쓰이며 특히 ㎠/s를 TOKES(ST)라 하여 많이 쓰인다. "
등증분연료비운전 ,"等增分燃料費運轉, Equal Increment Fuel Cost Operation",화력계통에 있어서 각 화력발전기의 증분 발전비용이 같게 되도록 각 발전기출력을 배분해 주면 가장 경제적인 부하 배분이 된다는 것으로 이와같이 중분연료비가 균등하게 운전하는 것을 등증분 연료비운전이라 한다.
드레인탱크/응축수탱크 ,"凝縮水탱크, Drain Tank",각 계통으로 부터 발생하는 응축수를 한 곳에 모은 탱크이다.
등맞대기형압축기 ,"등맞대기形壓縮機, Back To Back Type Compressor",다단 원심압축기에서 임펠러가 직렬로 등을 맞댄 구조이다.
등속흡입 ,"等屬吸入, Equal Velocity Aspiration",함진가스 중의 Dust를 균일하게 시료로 채취하기 위하여 흡입가스 속도를 함진가스 속도와 같게 흡인 하는 것이다.
로드쉐딩 ,"負荷遮斷, Load Shedding",전기는 저장이 어렵고 비경제적이므로 수요와 공급이 항상 일치되어야 한다. 그러나 전력수요의 증가 또는 공급능력의 감소로 인하여 수급에 불균형이 발생할 경우 전력계통의 주파수가 저하되고 이러한 상태가 심화되면 계통전체에 정전을 초래할 수 있다. 이와 같은 현상을 방지하기 위하여 공급능력에 상응한 수준으로 전력수요를 감소시키기 위하여 적정량의 부하를 차단하는 것을 로드쉐딩이라고 한다. 
로타리버너 ,"Rotary Burner, Spinning Cup Burner","고속으로 회전하는 컵의 안쪽으로부터 기름을 공급하고, 얇은 박상으로 분산되는 기름을 컵 주위로부터 분출하는 1차공기에 의해 무화하는 버너. "
리베팅임펠러 ,Riveting Inpeller,"블레이드와 주관, 측관 또는 허브를 리베팅으로 연결시킨 임펠러를 말한다."
로터리씰,Rotary Seal,석탄 슈트의 도중에 설치되어 역류를 방지하는 장치이다.
록너트,Lock Nut,보통 볼트는 한개의 너트로 죄는데 진동 등으로 이완되는 곳에서는 이를 방지하기 위해 두개의 너트를 사용하며 이때 아래쪽에 끼우는 높이가 다소 낮은 Nut를 말하며 Check Nut라고도 한다.
록아웃,Lockout,"회로나 장비를 비활성화 시키는 동작으로 록아웃은 회로나 장비가 누가, 언제, 왜 락아웃했는지를 나타내는 레드태그나 맹꽁이자물쇠와 같은 록킹 장비의 사용을 포함한다."
롤백,RollBack,프로그램에 의하여 바로직전에 취해진 체크포인트로 되돌아오는 것이다.
리프트체크밸브,Lift Check Valve,밸브디스크가 밸브몸통 또는 카버에 만들어진 안내(Guide)에 의하여 밸브시트에 대하여 수직으로 작동하는 체크 밸브를 말한다.
리프트콕,Lift Cock,마개의 회전뿐만 아니라 마개를 들어올려 토크의 감소를 도모하는 기구를 가지는 콕이다.
마모 ,"磨耗, Wear, Abrasion","마찰하여 닳는 현상이며 재료의 조합, 미끄럼 속도, 온도, 윤활의 정도에 따라 마모속도가 정해진다."
매설지선 ,"埋設地線, Counter Poise","송전선로의 철탑 혹은 가공지선이 직격뇌를 받게 되면 뇌전류가 철탑의 다리를 통해서 대지로 흐르게 된다. 이때 접지저항 및 철탑재의 저항에 의해서 철탑암부 등의 전위가 상승, 철탑과 전선사이에 섬락이 일어난다. 이를 역섬락이라고 한다. 이 역섬락 현상은 뇌전류와 철탑다리 접지저항치와의 곱에 비례하므로 역섬락 사고를 방지하기 위해서는 접지저항을 경감시켜야 된다. 이 접지저항을 저감시키기 위해서는 지표면에서 30～50[㎝]정도 깊이에 직경 2.6[㎜], 7가닥으로 구성된 아연도철연선을 지표면에 따라 시설한다. 이것을 매설지선이라 한다."
메인이젝터 ,Main Ejector,복수기 진공도 유지를 위하여 연속적으로 항시 운전되는 공기추출기로 추출용량은 작으나 고진공을 형성시켜야 하므로 2단 또는 3단 증기 분출방식으로 되어 있다.
몰드변압기 ,"몰드變壓器, Mold Transformer","몰드변압기는 권선을 난연성의 Epoxy 수지로 함침 또는 주형된 고체절연 방식을 채택하고있어 환경오염방지 및 난연성, 자기소화성을 가지고 있어 화재발생 가능성을 최소화한 변압기"
무구속속도 ,"無拘束速度, Runaway Speed","어떤 유효낙차, 베인개도 및 흡출높이에서 운전중인 수차의 발전기 부하를 제거하면 수차 및 발전기의 기계 손실과 균형잡힌 출력으로 런너의 회전수는 최대로 된다. 이 값을 무구속도 NR이라 부르고 수차 및 발전기는 이 속도에 대하여 안전하게 되도록 설계한다. 일반적으로 정격 회전수 N과 NR과의 비 NR/N은 펠턴 수차에서는 1.8 프란시스 수차에서는 1.7~2.2 프로펠러수차에서는 2.2~3.2이다."
무정전전원장치 ,"無停電電源裝置, Uninterrupted Power Supply(UPS)","전자계산기, 화력발전소의 버너 자동제어 장치, 기타 생산공장의 주요 전기기기 등 정전이 되어서는 안될 부하들에 전원을 공급 하는 장치로, 회전기형과 정지형이 있다."
무효전력조정장치 ,"無效電力調整裝置, Automatic Var Regulator(AQR)","발전기의 무효전력을 일정치 또는 유효전력의 함수치로 자동제어하는 장치로 계통의 규모가 커지고 복잡화됨에 따라 송수전단에 대용량의 조정 설비가 필요하고 또 전력증가에 의해 송전단과 수전단 간의 무효전류가 증가하여 손실이 증가되므로 무효전력을 조절하여 송전선로 손실 감소, 조상설비의 절감을 기한다."
미측정손실 ,"未測定損失, Unmeasured Loss/ Res- idual Loss",설비의 성능계산시 측정이 어렵거나 측정에 많은 비용이 소요되어 직접 측정하지 않고 설계치 또는 특정치를 적용하는 손실을 말하며 일반적으로 손실량이 미소하다.
밀봉증기복수기 ,"密封蒸氣復水器, Gland Steam Condenser",글랜드로부터의 누설 증기를 응축시키는 복수기를 말한다.
밀폐급수가열기 ,"密閉給水加熱器, Closed Feedwater Heater",가열용 증기와 가열되는 급수가 직접 혼합되지 않도록 유로가 각각 구별되어 있는 급수가열기를 말한다.
미분탄저탄조 ,"微粉炭貯炭槽, Pulverized Coal Storage Bunker",미분기에서 분쇄된 미분탄을 버너에 공급하기 전에 일시적으로 저장시키는 저탄조로 간접 연소방식에서 사용된다.
바스켓 ,Basket,재생식 공기예열기에서 가열소자(Heating Element)를 넣는 케이스이다.
바이패스운전 ,"바이패스運轉, By-Pass Operation",주 계통을 통과 시키지 않고 바이패스 회로(측로/옆길)를 이용하여 운전하는 것이다.
방출안전장치 ,"放出安全裝置, Automatic Resetting Pressure Relief Device","절연유와 접하지 않는 변압기의 상부 판 또는 상부관에 부착되어 변압기 내에 이상압력이 발생시 일정 압력[10±1psi (0.7±0.07kg/㎠)]에 도달하면 방압막(Diaphragm)이 동작하여 이상압력을 외부로 방출시켜 변압기함의 파손을 방지한다. 방출안전장치는 방압관과는 달리 여러 번 동작하여도 다이아프람이 파손되지 않도록 강판으로 제작되며, 평상시 다이아프람을 눌러 주는 압축 스프링과 기밀유지를 위한 가스켓, 동작표시봉, 경보용 접점 등으로 구성되어 있다."
배기가스수증기손실 ,"排氣가스水蒸氣損失, Heat Loss Due to Moisture in Exhaust Gas","보일러에서 배가스 중의 수증기가 가지고 나가는 열량에 의한 손실로 저위발열량을 기준으로 하는 경우에는 수증기의 현열뿐이나, 고위발열량을 기준으로 하는 경우에는 여기에 물의 증발열이 가해진다."
배열회수사이클 ,"排列回收사이클, Exhaust Heat Recovery Cycle","가스터빈의 배기를 배열회수 보일러에 보내어 증기를 발생하고, 이 증기를 이용하여 증기터빈을 구동하는 조합사이클로 구성되며 복합사이클중 가장 단순한 사이클이다."
배압밸브 ,"背壓밸브, Back Pressure Regulating Valve",1차측의 유체압력을 어떤 일정압력으로 유지하기 위하여 1차측 압력의 변화에 따라 유체를 방출할 수 있는 자동조절 밸브
보어홀펌프 ,Bore Hole Pump,깊은 우물용 펌프의 일종으로 대개는 수직형 다단 터빈 펌프로서 지상에 전동기를 두고 긴 수직축으로 장치의 하부에 있는 날개차를 구동시키는 방식으로 빌딩의 잡용수용 펌프로 사용된다.
보일러동특성시험,"보일러動特性試驗, Boiler Dyna- mic Response Test","제어의 측면에서 본 보일러 자체의 과도적 특성을 조사하는 시험으로 시험신호로 계단입력 신호를 가하고 출력신호의 변화를 관찰한다. 시험목적 : 보일러의 각종 조작량을 단계적으로 변화시키면서 주증기온도, 압력 등 Process량의 과도적인 응답을 측정하여 보일러의 동적인 변화 상태를 파악하고 시험결과를 분석하여 이후 부하변동시험에 대한 APC 조정 자료로 활용한다. 시험결과는 부하변화시, 변화후 증기온도의 안정화를 도모하기 위한 연소량, S/H Spray 밸브, 가스댐퍼, R/H Bypass Spray 밸브 등의 조정에 유효하다. 시험방법 : APC 각 시스템을 자동으로 하고 해당되는 시스템을 수동으로 단계적 변화시켜 각 Process를 측정한다."
복수재순환밸브 ,"腹水再循環밸브, Condensate Re- circulation Valve",급수저장조의 수위가 높아 급수저장조에 송입되는 복수량이 적더라도 Steam Jet Ejector와 Gland Steam Condenser에 냉각용 복수량을 유지하기 위해 복수를 Hot Well로 재순환시키는 밸브이다.
복수기누설감지설비 ,"復水器漏泄感知設備, Circu- lating Water Leakage Detector","발전소는 복수기 냉각수로 해수를 사용하여 증기를 응축시키므로 복수기관 누설 해수유입으로 설비에 장해를 초래하므로 해수누설을 조기 감지하기 위하여 복수기의 부위별 수질을 측정하는 설비이다. 보통 전도도계를 사용하고, 전도도를 증폭시키기 위하여 양이온 교환수지를 통과시킨 후 측정한다."
볼밸브 ,Ball Valve,"간단한 역지밸브와 펌프밸브에 사용하여 구상의 회전체를 90 회전시켜 유체의 흐름을 전폐, 전개하는 코크의 일종으로 금속재의 회전상자 볼과 이에 대응하는 합성 고무, 합성 수지 등의 밸브좌로 만들어진다."
부분변압운전 ,"部分變壓運轉, Partial Sliding Pressure Operation",심야등 경부하시에 저부하영역에서의 운전이 많아짐에 따라 저부하시의 효율향상이 큰 과제로 이에 대한 대책으로 변압운전이 요구되고 있으며 보일러 및 터빈이 제작당시부터 기저발전용으로 된 설비에서 보일러 증기 압력을 정격치보다 낮추어 운전함으로서 변압운전시와 같은 효과로 종합열효율향상을 도모하는 운전방식이다.
분사식과열저감기 ,"噴射式過熱低減器, Spray Att- emperator/Spray Type Desuperheater",과열증기의 온도 조절장치의 일종으로 고온의 증기 중에 저온의 물을 직접 분사하여 과열증기의 온도를 직접 저하시키는 장치로 보통 1차 과열기와 2차 과열기 사이의 헤더 연결관 및 재열기 입구에 설치되며 분사되는 물은 보일러 급수펌프 출구나 중간단에서 빼내어 사용한다.
불완전연소가스손실/미연가스손실 ,"不完全燃燒가스損失/未然가스損失, Heat Loss due to Unburned Gas","보일러에서 연소조건이 부적합하여 연료의 가연성분중 일부가 미연가스상태로 배출되어 유효열량이 감소되어 발생하는 열손실로 일산화탄소(CO), 미연수소(H), 미연탄화수소(HC) 및 그을음 등이 있다."
비중앙급전발전기 ,"非中央給電發電機, Non-sche- duled Generator",전력거래소의 급전지시에 따르지 않고 운전할 수 있는 발전기로서 ‘중앙급전발전기’가 아닌 발전기를 말함.
상용주파수 ,"商用周波數, Commercial Cycle","전기는 교류 또는 직류형태로 사용할 수 있으나 상용(商用) 전력은 전압변환이 용이하고, 대규모 발전이 용이한 장점 등이 있기 때문에 어느 국가에서나 교류방식을 채택하고 있다. 상용 주파수는 교류의 주파수로서 우리나라는 우리나라는 60㎐를 사용하고 있다. 교류의 주파수는 각 국가별로 상이한데 미국지역에서는 60㎐를 사용하는 반면, 유럽지역은 50㎐를 사용하고 있으며 일본도 50㎐를 사용하고 있다."
서지 ,Surge,"급격한 전압 또는 전류의 변화로 전력계통에 서지가 발생하는 경우는 주로 뇌(雷)에 의한 것, 계통조작에 의한 것, 계통사고에 의한 것이 있다. 서지 전압이 발생하면 변압기에 과도한 충격전압이 흐르게 되므로 이를 보호하기 위하여 탭 권선, 고압권선, 저압권선의 각 단자 사이에 비선형 충격전압흡수기(Nonlinear Surge Absorber)를 설치한다. 이는 평상시에는 대단히 높은 임피던스를 가지나 일정전압을 상회하는 전압이 인지되면 임피던스 값이 비선형 특성에 따라 감소하게 되며 임피던스가 감소함에 따라 권선에 흐르는 이상전압은 충격전압 흡수기에 주로 걸리게 되어 권선의 절연을 확보할 수 있다."
석탄혼소율 ,"石炭混燒率, Coal Mixing Ratio",석탄과 다른 연료를 혼소하는 보일러에서 총보일러 입열에 대한 석탄분 열량의 비율이다.
석회석공급장치 ,"石灰石供給裝置, Limestone Fee- der",석회석 Silo로부터 Screw Feeder로 연료 공급배관을 통하여 연소로 하부에 석회석을 공급하는 장치로 순환유동층 보일러는 별도의 탈황설비 없이 석회석을 연소로 내부로 직접 투입하여 SOx의 발생을 차단 할 수 있다.
석탄회부식 ,"石炭灰腐蝕, Coal Ash Corrosion",석탄의 회성분 중에서 Corrosion을 일으킬 성분이 따로 유리되어 존재하고 있지 않으나 약 600∼700℃의 Metal 온도범위에서 Complex Alkali Sulphate가 현저히 증가하여 액상부식이 일어나는 것을 말하며 가스온도가 상승하면 부식은 증가한다.
선로정수 ,"線路定數, Line Constant","전선(電線)은 저항, 인덕턴스, 정전용량, 누설 콘덕턴스의 특성이 내포되어 있는 전기회로이며, 전선이 내포하고 있는 이러한 4가지 특성을 선로정수라고 한다. 선로정수는 전선의 종류, 굵기, 재질에 따라서 정해지며 전압과 전류, 기온 등에는 영향을 받지 않는다. 그러나 동일한 규격의 전선이라도 송전선로가 설치된 지리적 여건, 송전선로에서의 전류 밀도차 등에 의하여 송전선로별 특성이 상이하게 나타나게 되므로 선로정수를 이용하여 전압, 전류의 관계, 전압강하, 송수전단의 전력량 등 송전선로별 특성을 계산하게 된다. "
설계품질 ,"設計品質, Quality of Design","설계품질은 이용자의 요구에 대응하여 기업이 결정한 품질이며 실현 가능하게 목표된 품질을 말한다. 설계품질의 양부(良否)는 그 기업의 장래도 좌우하며, 이를 결정하는 최종 책임은 경영자에게 있으나 경영자의 노력과 함께 기업 내외의 올바른 정보를 전하고 복수(複數)의 제안을 통해 평가기준을 마련하는 스텝의 활동이 중요하다. 이용자가 제품의 기능으로서 요구하는 품질을 사용품질이라고 하며, 설계품질은 제일주의로 이 사용품질을 지향해야 한다. 한편 기업은 이 사용품질 속에 독창성이 있고 차별화된 품질의 제품시장에 공급해야 하며 이것을 경쟁품질이라 한다."
소내소비율(전력율),"所內消費率(電力率), Auxiliary Power Ratio",발전 전력량에 대한 소내 전력량의 비율로 일반적으로 보조기의 형식에 따라 다르나 발전기 출력의 5% 정도이다.
수소에너지,Hydrogen Energy,"수소에너지란 수소의 형태로 에너지를 저장하고 사용할 수 있도록 한 신재생에너지이다. 수소는 연소시켜도 산소와 결합하여 다시 물로 환원되므로 배기가스로 인한 환경오염이 없기 때문에 수소가스의 제조, 저장, 사용의 각 단계에서 새로운 기술이 개발되고 있다. 수소는 물을 전기분해하면 쉽게 얻어지나 발전효율은 최고 40%정도이고, 열에너지의 약 30%만이 수소에너지로 전환된다. 그래서 효율을 올리는 방법으로 열화학 분해법이 적용되고 있다. 이것은 화학반응의 평형이 온도에 따라서 깨지는 점을 이용하여 온도가 다른 2개의 열원을 사용해서 물을 분해하는 방법이다. 수소 가스의 저장법으로는 금속 산화물에 흡착시키는 방법이 가장 유망하다. 마그네슘을 비롯하여 금속 중에는 수소를 잘 흡수하는 금속수산화물이 들어 있는데, 이를 수소저장합금이라고 한다. 이 합금은 일정량의 열을 가해서 압력을 감소시키면 흡수한 수소를 다시 방출하는 성질이 있다. 따라서 수소를 잘 흡수하는 금속분말에 흡착시켜 수송하거나 저장하기란 그리 어려운 문제가 아니다. 이 방법을 쓰면 가스를 저장하는 경우보다 1/3~1/5정도로 부피를 줄일 수 있고, 폭발될 염려도 없다. 수소에너지는 주로 연료전지(Fuel Cell)를 써서 사용한다. 연료전지는 연료에너지를 전기에너지로 변화시킬 때 연료와 공기를 전극 표면에서 산화반응시켜 그 반응에 따라 얻어지는 화학에너지를 직접 전기에너지로 변화하는 것이다. 화학에너지를 일단 열에너지로 변화시키므로 열기관을 사용하여 전기에너지로 바꾸는 보통의 발전방식에 비해서 간단하고 효율적이다. 수소에너지는 석유를 연료로 삼는 모든 엔진과 석유를 열원으로써 쓰는 모든 연료분야에서 사용할 수 있다. 이미 1956년에 액체수소를 로켓 연료로 사용하기 위한 연구가 시작되었고, 아폴로 우주선의 새턴5형 로켓, 스페이스셔틀에서는 엔진용 연료로서 실용화되었다. 수소에너지를 이용한 수소자동차ㆍ수소비행기도 각국에서 경쟁적으로 개발하고 있으나, 아직 수소의 가격이 비싸 실용화 단계는 시일이 걸릴 것으로 전망되고 있다."
수소취화,"水素脆化, Hydrogen Embrittlement","고온, 고압의 증기가 강관과 접촉하면 수소를 발생하는데 이 수소가 재료중의 탄소와 반응하여 Methance으로 되면서 탄소를 소모하여 점차 입계를 따라 관통, 침입하면서 부식되는 현상을 말한다."
수소혼소발전,Hydrogen Co-firing,가스터빈에서 수소와 천연가스를 함께 태워 전기를 생산하는 방식. 기존 액화천연가스(LNG) 발전소보다 이산화탄소 배출량을 획기적으로 줄일 수 있다는 평가를 받는다. LNG 발전소의 오래된 가스터빈을 적은 비용으로 개조해 사용할 수 있는 것도 장점으로 꼽힌다.
순환속도 ,"循環速度, Circulation Velocity","보일러수가 순환되는 속도, 보통 증발관 입구에서의 속도를 말하며 증발관의 과열을 방지하기 위하여 자연순환 보일러는 0.5∼1m/sec이상 강제순환 보일러는 1.5∼2m/sec이상 되도록 설계된다."
슬래그 ,Slag,석탄이 노내에서 연소할 때 용융된 회분이 복사열을 받는 화로벽 및 전열면에 부착하여 응고 퇴적한 것으로 열전달을 방해한다.
습손실 ,"濕損失, Moisture Loss","저압터빈과 같이 포화증기를 사용하는 열기관의 팽창과정에서 증기조건이 포화선 이하의 상태로 되면 증기속의 작은 물방울이 생기며 이 물방울은 증기와 비중차이가 있어 증기의 흐름과는 다른 유동을 하므로 증기에 대한 제동작용 및 회전익 입구에 있어서 배면충돌을 일으키는 손실작용을 하는데 이 현상을 습손실이라한다. 경험적으로는 어떤 단에서 증기의 평균습도(Wt)가 1％ 증가시마다 단락효율은 1.2∼0.7％정도 저하하며 습손실량(AZ)은 다음과 같다. AZ=(1.2-0.7) Wt × ho [Kcal/Kg], ho는 단열 열낙차 "
승압펌프 ,"昇壓펌프, Booster Pump",송수관로의 도중에 설치하여 송수량을 증대시키는 것 등을 목적으로 하는 가압용 펌프이다.
신더 ,Cinder,석탄 등 연료가 타다 남은 찌꺼기로서 입자모양이 다각형이며 절탄기 및 공기예열기의 밑 Cyclone 등에서 포집된다
신축이음 ,"伸縮이음, Flexible Coupling","연결하는 양측의 중심을 일치시키기 곤란할 때 고무, 가죽 등의 탄성체를 사용하여 양축을 연결시키는 이음이다."
시료수 ,"試料水, Test Water","수질 시험을 하기 위해 채취한 물을 말하며, 시료수의 채취는 시험목적에 접합하도록 대표할 수 있는 시료를 채취하여야 한다."
아역청탄 ,亞瀝靑炭 Sub-Bitumnous Coal,"역청탄중 탄화도가 낮은 것으로서 점결성이 없고 수분이 많으며 건조시 소리를 내며 갈라지고 대기중에 장시간 방치하면 분해된다. 발열량은 무수무회기준으로 4,600-6,400kcal/ kg정도이다"
안내날개 ,案內날개 Guide Vane,"펌프, 송풍기, 압축기의 날개차나 회전익렬의 입구 및 출구에 장치되어 있는 정지날개이다. 입구의 안내날개는 유입되는 액체를 미리 회전방향으로 선회시켜 유입손실을 감소시키는 것으로 인듀서라고 한다. 출구의 안내날개는 날개차 또는 회전익렬로부터 유출되는 유체가 갖는 선회속도에너지를 정압으로 회수한다. 축류기계에서는 후치정익, 원심기계에서는 디퓨저라고 한다."
안전밸브 ,安全밸브 Safety Valve,"드럼, 과열기, 재열기 등 압력용기에 설치하여 규정압력 이상으로 압력이 상승할 경우 손상을 방지하기 위해 유체를 외부로 방출하는 밸브를 말한다."
암모니아,Ammonia,"상온에서는 무색 특유의 자극성 냄새가 있는 기체이며, 고체는 입방격자, 격자상수 δ=5.10A, 융점 -77.7℃, 지점 -33.4℃, 밀도 0.76g/ℓ(0℃,  1 atm), 비중 d=0.676 (-33.4℃액체), 임계온도 132.4℃, 임계압력 112atm, 20℃에서 액화압력 8.46atm, 융해열 108cal/g, 증발열 327cal/g(비점), 용해도 52.0g/100㎖ - H₂O(20℃)이고 에테르에도 녹는다. 암모니아는 이를 물에 녹인 수용상태의 암모니아수, 액화시킨 액체암모니아로 시판된다. 용도는 비료나 질산의 제조원료, 각종 암모늄염 제조, 냉동제 등 용도가 넓으며, 특히 발전소에서는 각종 용수의 pH 조절 및 집진성능 향상제로 이용된다."
암모니아 혼소발전,Ammonia Co-firing,"암모니아 혼소발전은 석탄과 암모니아를 혼합해 이뤄진다. 암모니아는 무탄소 연로로 활용 가능하고, 보관과 수송이 편리하며, 수소와 호환성도 높다. 그러나 자연발화 온도(650˚C)와 최소 점화 에너지(680mJ)가 높아 그 자체로 연료 활용은 어렵다. 이에 석탄을 섞어 단점을 보완하고, 장점을 살리는 것이다. 암모니아 혼소발전은 탄소 배출이 기존 석탄발전보다 적으면서도 터빈과 같은 기존 발전소 장비, 송 · 배전선로 등의 인프라를 그대로 활용 가능하다"
압력용기 ,壓力容器 Pressure Vessel,내부에 대기압을 초과하는 압력의 유체를 보유하는 용기를 말한다. 보일러의 내압부분을 포함해서 호칭하는 경우도 있으나 일반적으로 보일러 이외의 압력용기를 가르킨다. 압력용기는 종류와 규모가 여러가지이고 보유에너지 등의 위험성도 각각 다르다. 압력용기는 폭발의 위험이 있기 때문에 압력방출장치를 설치하고 1년에 1회 이상 표준 압력계를 이용하여 토출압력을 시험하고 납으로 봉인하여 사용해야 한다. 또 다단형 압축기 또는 직렬로 접촉된 공기압축기에는 과압방지 압력방출 장치를 각단마다 설치해야 한다.
압입통풍팬 ,壓入通風팬 Forced Draft Fan[FD Fan],보일러에 공급하는 공기를 대기압 이상으로 가압해서 연소장치에 보내며 보일러에 필요한 통풍력을 주어 화로에서 양호한 연소를 얻도록 설계된 통풍기이다.
압축기 ,壓縮機 Compressor,"임펠러 또는 로터의 회전운동 또는 피스톤의 왕복운동으로 기체를 압송하며, 압력비가 2이상 또는 송출압력이 1kgf/㎠[0.1MPa] 이상인 기계장치이다."
애시호퍼 ,Ash Hopper,"석탄 연소 보일러에서 발생하여 포집된 저회(Bottom Ash)와 비회(Fly Ash)를 일시 저장하는 용기이다. 노 하부에는 저회 저장조가 설치되며 주로 비회를 저장하는 저장조로써 절탄기, 공기예열기, 전기집진기 하부에 설치된다."
액츄에이터 ,Actuator,"프로세스에서 제어신호로서 기계장치(밸브, 댐퍼, 펌프 등)의 위치를 변환시키는 최종제어요소의 한 부분이다. 예) Motors, Solenoids, Cylinders, Pneumatic Diaphragms 등 Motors, Solenoids, Cylinders, Pneumatic Diaphragms 등"
양정 ,"揚程 Lift, Head","펌프가 양수하는 높이, 흡입수면에서 송출수면까지의 높이를 실양정이라 하며 도중의 손실을 생각해서 실양정에 가산한 것을 전양정이라 한다. 펌프 운전에 의해 만들어지는 수두, 단위무게의 유체가 갖는 기계적 에너지를 그 유체의 액주높이로 표시한 것을 수두(Head)라 하고, 압력수두, 위치수두, 속도수두가 있으며 낮은 곳에 있는 액체를 높은 곳으로 끌어올리는 것을 Lift라 하며 흡입압력수두(Suction Head)가 음(-)일때를 통상 Suction Lift라 한다."
역청탄/유연탄 ,瀝靑炭/有煙炭 Bituminous Coal,"우리나라에서는 유연탄이라고 하며 중생대에서 생성된 것으로 외관은 담흑색 또는 칠흑색이다. 수분은 6% 이하이고 발열량은 6,000~ 8,000kcal/kg이며 점결성이 역청탄 특유의 성질이며 점결성에 강약이 있고 비점결성의 것도 있다."
연돌 ,煙突 Chimney/Stack,연소가스가 보일러 또는 노에서 나와서 대기에 이르게 하는 마지막 통로이다.
연료전지 ,燃料電池 Fuel Cell,"연료의 산화에 의해서 생기는 화학에너지를 직접 전기에너지로 변환시키는 전지이다. 일종의 발전장치라고 할 수 있으며 산화, 환원반응을 이용한 점 등 기본적으로는 보통의 화학전지와 같지만, 닫힌 계내에서 전지반응을 하는 화학전지와 달라서 반응물이 외부에서 연속적으로 공급되어 반응생성물이 연속적으로 계외로 제거된다. 가장 전형적인 것에 수소-산소 연료전지가 있으며 수소 외에 메탄과 천연가스 등의 화석연료를 사용하는 기체연료와 메탄올(메틸알코올) 및 히드라진과 같은 액체연료를 사용하는 것 등 여러 가지의 연료전지가 나왔다. 이 중에서 작동온도가 300℃ 정도 이하의 것을 저온형, 그 이상의 것을 고온형이라고 한다. 또 발전효율의 향상을 꾀한 것이나 귀금속 촉매를 사용하지 않는 고온형의 용융탄산염 연료전지를 제2세대, 보다 높은 효율로 발전을 하는 고체전해질 연료전지를 제3세대의 연료전지라고 한다."
연소기 ,燃燒機 Combustor / CombustionChamber,"가스터빈에서 팽창과정 이전에 작동유체를 터빈입구 온도까지 가열할 목적으로 연료를연소시키며 또 공기를 혼합하는 장치이다. 작동원리는 압축기에서 압축한 고압공기에 연료를 압입분사하여 혼합기를 형성시키고 착화기로 점화시켜 연소토록 하는 것으로 1차연소부와 2차연소부로 나눌 수 있다. 연소에 필요한 공기대 연료비가 15:1 정도 이므로 연소실을 통과하는 공기의 25%정도는 1차 연소부로 유입되어 1800~2200도 정도인 연소가스온도를 터빈입구온도까지 저하시키고 연소실 재료를 냉각시킨다. 보통 연소기는 연료주입노즐, 공기선회익, 화염통, 연소하는 유도관으로 구성되며 캔형(Can Type), 에눌러형(Annular Type), 캔에눌러형(Can-Annular Type), 사이로형(Silo Type)으로 분류함."
열교환기 ,熱交換機 Heat Exchanger,"어떤 유체가 가지고 있는 열에너지를 전도, 대류 및 복사의 열전달 원리를 이용하여 다른 유체에 전달할 수 있도록 제작 설치한 열교환 장치이며 두 유체의 유동방향에 따라 대향류와 병향류로 분류한다. 증기터빈 사이클에서는 주로 전도 및 대류 열전달을 이용한 열교환기가 사용된다."
열병합발전 ,"熱倂合發電 Combined Heat and Power, Cogeneration",화력발전의 일종으로 발전과 아울러 증기 터빈에서 추기 또는 배기한 증기를 열원으로 하여 지역난방이나 산업용 열을 공급하는 발전방식이다.
운탄기 ,運炭機 Coal Conveyor,고무벨트를 이용하여 석탄을 연속적으로 운반하는 장치이다.
원심펌프 ,遠心펌프 Centrifugal Pump,날개차에서 토출되는 흐름이 주로 주축에 수직인 평면안에 있으며 날개차의 회전에 의한 원심작용에 의해 액체에 에너지를 부여하는 형식의 펌프이다.
유동층연소 ,流動層燃燒 Fluidized Bed Combu- tion,"연소로 내부에 유동매체인 모래 혹은 Ash를 충전한 후 연소로 하부에서 공기를 주입하여 유동화된 유동층에 연료를 주입하여 연소시키는 것으로, 다양한 연료의 사용이 가능하고 유동매체, 연료 및 석회석을 혼합연소시킴으로써 별도의 탈황설비가 필요 없으며 노내 온도가 낮아 NOx 생성 억제에도 유리하다."
유체커플링 ,流體커플링 Hydraulic Coupling,원동축에 연결된 펌프 Wheel에 의하여 가속된 유체가 종동축에 연결된 터빈 Wheel에 운동에너지를 전달하므로서 동력을 전달하는 유체이음으로 토크를 변환시키지 않고 동력을 전달하는 기계장치다.
인터셉터 밸브 ,Intercept Valve,"재열증기의 터빈 입구부에 있으며, 비상시에 재열증기를 제어하여 터빈의 과속을 방지하는 밸브로 터빈의 속도가 101%에 도달시 닫기기 시작하고 105%에서 완전히 닫히는 것이 많다."
인터록 ,Interlock,"기계의 각 작동부분 상호간을 전기적, 기계적, 유압적, 공압적 등의 방법으로 연결하여 기계의 각 작동부분이 정상작동의 조건을 충족하지 않을 경우에 자동적으로 그 기계가 작동되지 않도록 하는 기구를 말한다. 안전면에서는 기계의 위험부분에 설치하는 안전덮개 등이 개방되면 그 기계의 작동이 안되고, 안전장치 등이 정상으로 사용되지 않으면 기계를 작동할 수 없으며, 안전장치가 작동하면 기계가 급정지하는 등 작업자에 대한 위해방지를 위해서 여러 종류의 인터록 기구가 이용되고 있다. 인터록의 종류는 다음과 같다. 직접 수동스위치 인터록, 기계적인 인터록, 캠작동 제한스위치 인터록, 열쇠교환 시스템, 캡티브카 인터록, 시간지연장치 등이다."
자분탐상시험 ,"磁粉探傷試驗 Magnetic Particle Test, Magnetic Particle Examination, Magnetic Field Test",자성재료를 자화시켰을 경우 재료의 표면 또는 표면근방에 자속을 막는 결함이 있으면 자극이 나타나는 원리를 이용하여 자성체인 피검사체에 철분을 도포하여 결함유무를 확인하는 비파괴검사 방법의 일종이다.
자연순환보일러 ,自然循環 보일러 Natural Cir- culation Boiler,보일러수의 순환이 강수관과 상승관 유체의 밀도 차에 의해서 이루어지는 보일러. 보일러수를 자연적으로 순환시키는 보일러이다.
재열기 ,再熱器 Reheater,"주로 75MW이상의 화력발전소 보일러에서 사용된다. 증기압력이 높아짐에 따라 저압터빈 마지막 단에서 증기의 습분이 증가되므로 고압터빈에서 포화온도 가까이 팽창한 증기를 재열하여 온도를 높인 후 중, 저압터빈에 공급한다. 이에 따라 발전소 열효율의 증가 및 저압터빈 날개의 부식이 감소되며 보통 재열단수는 1단이 사용되나 최근 대용량 Plant에서는 2단 재열도 채용된다. 재열증기 온도는 일반적으로 과열기 출구 증기온도와 같은 538℃ 또는 566℃가 사용된다."
재열증기 ,再熱蒸氣 Reheat Steam,고압터빈에서 일을 한 증기를 다시 보일러에서 과열한 후 중압터빈으로 공급되는 증기이다.
재열증기 스톱밸브 ,再熱蒸氣 스톱밸브 Reheat Stop Valve,Intercept Valve 동작불량으로 재열증기의 차단이 행해지지 않는 경우를 고려하여 인터셉트밸브 바로 앞에 설치된 증기차단밸브이다.
저탄기 ,貯炭機 Stacker,운반선에서 양하기로 하역하여 벨트 컨베이어를 통하여 이송된 탄을 저탄장에 저탄하는 기기이다.
저탄장 ,貯炭場 Coal Yard/ Coal Storage Yard,야외 또는 옥내에 석탄의 수급을 조절하기 위하여 다량의 탄을 저장하는 장소이다.
저회 ,底灰 Bottom Ash,"노내의 고온 연소영역인 수냉관, 과열기, 재열기 등 열흡수 표면에 형성된 슬래그(Slag)가 자중, 급격한 출력변화, 제매작업(Soot Blowing)등에 의해 노 하부로 낙하되어 저장조로 모이는 회를 말한다."
전기집진기 ,電氣集塵器 Electrostatic Precipita- tor/ Electric Precipitator,일정간격으로 배열된 집진전극 사이에 설치된 방전전극에 직류고전압을 인가시 발생하는 코로나 방전에 의해 가스중의 입자상 물질에 전하를 부여하고 이 대전입자를 고전계 내의 쿨롱(Column)력에 의해 역전위 방향인 집진전극에 이동시켜 부착시킨 후 일정 두께로 퇴적된 후 전극에 충격을 가해 하단의 호퍼에 분진을 탈락 포집하는 장치이다.
전동기 ,電動機 Motor,전기적 입력을 기계적 동력으로 변환하는 회전전기기계를 말한다.
전력 ,電力 Electric Power,"단위 시간에 기기나 장치에서 발생 또는 소비되는 전기 에너지. 단위는 kW, W. 가정에서 사용하는 형광등은 40W로 표시한다."
절연유 ,絶緣由 Insulation Oil,"전기절연을 목적으로 원유를 분류, 정제하여 얻은 광유와 인공적으로 합성된 합성유를 말하며유입변압기/유입차단기/유입케이블/유입콘덴서 등에서 절연과 냉각목적으로 사용됨."
절탄기 ,節炭器 Economizer,"보일러의 연소가스 통로중 제일 뒤쪽에 설치되어 있으며 고압 급수가열기에서 보일러로 들어오는 급수를 보일러의 연소가스의 여열을 이용하여 포화온도 직전까지 가열한 후 Drum에 공급하도록 함으로써 보일러 효율의 상승과 Drum Metal의 열응력 감소를 도모 할 수 있도록 하는 설비. 급수의 가열정도에 따라 증발식과 비 증발식, 튜브의 사용재료에 따라 주철관형과 강관형으로 구분된다."
제어밸브 ,制御밸브 Control Valve,"제어장치의 조작부로서 조절부의 신호에 의하여 유체통로의 면적을 가감하여 유량제어 기능을 하는 밸브로 다이어프램 밸브가 가장 일반적임. 공기압신호에 의해 다이어프램이 움직여 스프링의 탄력과 평형되는 위치까지 밸브축을 이동시켜 밸브를 닫고, 공 기압이 감소하면 스프링이 다이어프램을 위로 밀어올려 밸브를 열게 된다."
증기밀봉장치 ,蒸氣密封裝置 Steam Seal Device,터빈로터가 케이싱을 관통하는 부분에 증기를 사용하여 누설을 방지하는 장치이다.
증기터빈,蒸氣터빈 Steam Turbine,증기를 작동유체로 하고 증기가 가지고 있는 열에너지를 기계적 에너지(회전력)로 변환하는 터빈이다.
지락 ,地絡 Ground Fault,대지(大地)와 전위(電位)가 다른 전기회로의 일부가 이상 상태로 대지와 전기적으로 연결되는 것을 말한다. 송배전 선로가 어떠한 요인으로 인해 지표면과 접촉하는 고장이 생겼다면 이를 지락고장이라고 한다. 
직류,直流 Direct Current(D.C),시간에 관계없이 흐르는 방향과 크기가 항상 일정한 전류를 말한다.
진공파괴,眞空破壞 Vacuum Break,터빈을 정지시킬 때 진공파괴밸브를 열어서 터빈배기실로 공기를 유입시켜 공전(空轉)시간을 단축시키는 것이다.
집진 ,集塵 Dust Collection,기체 중에 현탁부유하고 있는 고체 또는 액체의 입자상 물질을 기체로부터 분리 포집하는 조작을 말하며 각종 분진을 포함하는 기체로 청정하는 공해방지 목적이 제 1목적이며 유기물질의 회수 및 단순한 고체와 기체의 분리공정으로 사용하는 것도 있다.
차단기 ,遮斷器 Breaker/Circuit Breaker,"정상상태의 전류를 투입 통전 차단하며 단락과 같은 이상상태에 있어서 투입, 일정시간의 통전 차단이 가능한 개폐장치이다."
천연가스,天然가스 Natural Gas,"천연적으로 지하로부터 발생하는 메탄을 주성분으로 하는 가연성 가스. 천연가스를 용적을 적게 하여 대량수송 또는 대량 저장이 가능하도록 액화한 것을 액화천연가스(LNG)라 하며 납사가 주성분이며 펜탄도 일부 함유되어 액체상태로 채취되는 천연 가솔린을 NGL(Natural Gas Liquid)라 한다. 천연가스는 산출상황으로부터 유전가스, 가스전가스, 탄전가스로 분류됨. 유전가스는 석유와 생성원인이 같고 원유 속에 녹아있는 것이 채유시에 채취되는 것임. 가스전가스에는 원유로부터 유기된 가스가 유층 상부 또는 유층과는 다른 곳으로 이동하여 특정한 지질구조에 괸 것이라고 생각되는 것과 생성원인이 석유와 달리 젊은 지층속의 지하수에 녹아있는 것이 있다. "
체크밸브 ,"逆流防止밸브 Check Va- lve, Non-Retrun Valve/Reverse Current Valve",주로 유체의 배압에 의하여 디스크가 역류를 방지시키도록 작용하는 밸브의 총칭으로 유체의 흐름을 한쪽으로만 통하고 역류시에는 자동으로 닫혀서 흐름을 멈추게 한다.
초음파탐상시험,"超音波探傷試驗 Ultrasonic Test, Ultrasonic Examination","초음파를 피검사체 내부에 투사할 때 피검사체에 나타내는 음향적 성질을 이용하여 내부결함 및 재질적 성질을 파악하는 비파괴검사방법의 일종으로 펄스반사법, 투과법, 공진법 등이 있다."
촉매,觸媒 Catalyst/ Catalyser,"화학반응에 있어서 촉매는 비교적 소량이 존재하면서 자신은 변하지 않고서 반응속도를 변화시키거나 반응경로를 바꾸는 역할을 하는 물질을 말하며, 촉매는 반응이 종결된 후 소모없이 전량 회수할 수 있음. 예를 들면 수소와 산소의 혼합물은 상온에서 거의 변화하지 않지만 백금흑이 존재하면 심하게 반응한다. 이와같이 반응을 촉진시키는 촉매를 정촉매라하고 이와 반대로 반응속도를 느리게 하는 것은 부촉매 또는 음촉매라 함. 촉매는 반응 속도를 변화시킬 뿐이지 반응의 평형상태에는 영향을 주지 않음. 촉매재료는 백금, 철, 닉켈 등의 금속과 반도체, 절연체 등이 사용된다."
축류펌프 ,軸流펌프 Axial Flow Pump,"날개차에서 토출되는 흐름이 주축과 동심의 원통면 안에 있는 것 같은 프로펠러형의 날개차와 안내깃을 갖는 펌프로서 큰 비속도(약 1,2000㎥/min, rpm이상)로 사용된다. 양정의 변화에 대해 효율의 저하가 비교적 적고 대유량에서 가변 저양정(약 5m이하)의 경우에 적합하다."
축정열 ,軸整列 Alignment,"2대 이상의 회전기기를 조합할 때 축의 처짐 및 열팽창, 베어링 하중의 적정한 배분 등을 고려하면서 서로의 회전 중심선이 정확하게 일치하도록 기기를 정열하는 것이다."
커넥팅로드,Connecting Rod,"증기기관이나 내연기관 등에서 피스톤과 크랭크축을 연결하는 기관 본체의 하나로 연접봉이라고도 한다. 왕복운동을 크랭크축의 회전운동으로 바꾸어 주는 역할을 하며 피스톤핀에 연결되는 부분을 소단부(small end), 크랭크축에 연결되는 부분을 대단부(bigend)라 한다. 압축·인장·굽힘 등의 하중을 받기 때문에 꺾이거나 구부러지지 않을 정도로 굵어야 한다. 또한 운동을 원활히 전달하기 위하여 충분한 길이가 필요한데 보통 크랭크 반지름의 3∼4배 정도의 길이로 한다."
컨베이어 ,Conveyer,"가루 또는 덩어리 상태의 고체를 연속적으로 운반하는 장치이며 종류에는 벨트 컨베어, 체인 컨베어, 롤러 컨베어, 스크류 컨베어, 진동 컨베어, 유체컨베어, 공기 컨베어, 엘리 베이팅 컨베어 등이 있다."
코너연소방식 코너,燃燒方式 Corner Firing/Tan- gential Firing,연소실의 4모서리에 버너를 설치하여 연료를 연소실 중앙으로 분사하여 노중앙에 둥근 가상원(Fire Ball)을 형성하면서 연소하는 방식으로 부하변동에 따라 연료량이 변화되어도 가상원의 위치가 변동되지 않으므로 균일하게 열 흡수가 이루어지는 특징이 있다. 또한 버너 분사각도 조절장치(Tilting Device)를 설치하여 재열증기온도를 조절할 수 있으며 Overfire Air Nozzle을 설치할 수 있어 NOx 발생을 줄일 수 있다.
콘서베이터 ,Conservator,유입변압기에서 절연유가 공기와 직접적으로 접촉이 이루워지지 않도록함으로서 열화를 방지하기 위하여 변압기 상부 탱크에 설치한 원통형 용기. 이를 변압기 탱크에 연결하고 그 내부에 질소가스를 채우는 방법등으로 절연유와 공기와의 직접 접촉을 방지한다.
크리프 ,Creep,일정온도 하에서 일정하중이 작용할때 재료의 변형이 시간의 경과에 따라서 증가하는 현상이다. 
키페이저 ,Keyphasor,"로터의 한점의 이동경로를 검출하는 신호 또는 감지장치. 이 감지장치는 FFT(Fast Fou- rier Transform)와 같은 전자계측을 위한 외부 트리거 입력 신호를 위한 트리거로서 사용된다. 감지장치는 자기, 용량성, 광전자 프로브, 와류형이 있다."
탈기기,脫氣器 Deaerator,급수를 Spray로 분사하여 증기와 직접 접촉하여 가열하고 급수중에 용존되어 있는 산소등 용존 Gas를 제거하며 탈기후 용존 산소량은 0.005cc/ℓ 정도이다.
탈염장치 ,脫鹽裝置 Demineralizer,"수중에 이온상으로 용존되어 있는 불순물 즉 용해염류를 제거하여 순수를 만드는 장치로서 탈염은 이온교환수지, 전기투석, 역삼투압, 증발 등에 의한 방법이 있으며 화력발전소에서 순수를 제조하는 경우는 이온교환수지 처리에 의한 방법이 일반적이다. 이온 교환수지 처리에 의한 탈염장치의 구성은 대개 양이온교환수지탑, 탈탄산탑, 음이온교환수지탑, 양이온과 음이온의 혼상탑 순으로 구성되어 있다."
탈황 ,脫黃 Desulfurization,"중유에서 유황분을 제거하는 중유탈황과 공장의 배기가스에서 유황산화물을 제거하는배연탈황이 있으며 탈황의 목적은 중유 탈황의 경우 중유에 함유된 유황분을 미리 제거하여 중유연소가스중에 유황산화물을 경감하고 대기오염을 방지하는데 있으며 배연탈황의 경우에는 석탄가스, 코크스, 중유 등의 연소가스 중에 함유된 유황산화물을 제거시키고 대기오염을 방지하는데 있다."
태양광발전 ,太陽光發電 Solar Photovoltaic,"태양 에너지에 의한 발전 기술의 한 가지로 태양의 빛 에너지를 태양 전지라는 광전 변환기를 써서 직접 전기 에너지로 변환시켜 이용하는 것으로 이는 부분적으로 빛을 이용하는 것이기 때문에 흐린 날에도 이용이 가능하여 태양 에너지 이용 효율이 열발전에 비해 높다. 태양 에너지에 의한 발전 기술에는 이 밖에도 태양열 발전이 있는데, 이는 태양열을 모아 물을 데운 후 증기 터빈을 돌려 발전하는 것이다."
태양열발전 ,太陽熱發電 Solar Thermal Electric Power Generation,"태양열발전이란 태양광선에 의한 열에너지를 효율적으로 모아 열원으로 하여 이 열에너지를 열기관을 사용해서 기계에너지로 바꾸어 터빈 발전기를 회전시킴으로써 전기에너지를 만들어내는 발전방식이다. 집광렌즈와 흡수체로 구성된 집열기로 태양열에너지를 모아 이 열에너지로 흡수체에 싸여 있는 파이프의 열매체를 가열한다. 가열된 열매체는 열교환기를 통해 순환하며, 같은 열교환기 속을 통하는 다른 파이프의 열매체가 가열된다. 가열된 열매체는 증기터빈ㆍ복수기의 순으로 열에너지를 소비하면서 다시 열교환기로 루프를 구성하여 원위치로 되돌아온다. 열교환기는 항상 열에너지를 축적하고, 밤이나 비가 올 경우에는 발전할 수 있도록 증기터빈에 열에너지를 공급하는 기능을 갖추고 있다. 태양열발전에 사용하는 터빈에는 증기터빈 가스터빈 유기매체 터빈 등이 있는데, 집열온도는 300~500℃정도로 대용량형의 증기 터빈을 주로 사용한다. 집열온도가 낮은 경우에는 끓는점이 낮은 프레온가스 등의 매체를 사용한 유기매체 터빈을 이용한다. 일반전력 공급 외에 폐열을 지역난방에 이용하는 방법도 시도되고 있다."
터닝기어 ,Turning Gear,"터빈기동, 정지시 로터를 저속으로 회전시키는 장치이다."
터빈 ,Turbine,"물, 가스, 증기 등의 유체를 노즐로 내뿜게 하여 기계적 에너지를 얻는 원동기. 유체의종류에 따라 수력터빈, 증기터빈, 가스터빈 등으로 구별된다."
터빈로터,Turbine Rotor,고온고압의 증기를 노즐 또는 고정날개로부터 회전날개에 충돌시켜서 일을 얻는 회전체로. 일체식과 조립식이 있다. 블레이드를 포함한 Shaft를 터빈로터 라고도 한다.
토크콘버터 ,Torque Converter,가스터빈 기동시 기동장치의 구동력을 가스터빈으로 전달하는 유압동력전달 장치로써 가스터빈이 자력운전속도(2300-2400rpm)에 이르면 기동장치를 가스터빈과 분리하여 구동력을 차단하고 가스터빈 기동장치나 터닝장치의 구동력을 가스터빈기동에 적절한 속도로 변환시켜주는 기능이 있다.
통풍 ,通風 Draft/Draught,"연료가 연소하기 위한 공기의 유입과 연소가스의 배출과의 연속적인 흐름을 말하며, 이 흐름을 만드는 압력원에 따라 자연통풍, 압입통풍, 평형통풍으로 구분한다."
틸팅버너 ,Tilting Burner,"코너연소 방식에서 버너의 분사각도를 조절함으로서 화염의 중심점을 상, 하로 조정하여 재열증기의 온도를 조정할 수 있는 버너로서 일반적으로 버너의 분사각도는 상하 각각 30˚ 까지 조정할 수 있다."
팬 ,Fan,"임펠러의 회전운동이 연속적으로 기체를 압송하는 기계장치로 배출구와 흡입구에서 기체의 압력비 1.1 미만 또는 배출압력이 1,000mmAg 이하에 사용한다."
펌프,Pump,"압력의 작용에 의하여 액체 또는 기체를 수송하는 장치로 용도에 따라서 양수, 배수, 송수, 압축용 펌프 등의 종류가 있다."
포밍,Foaming,"보일러 수중의 불순물이 증기중에 혼입되어 과열기나 터빈 등 증기계통으로 운반되는 기수공발의 일종으로 주로 수중에 함유된, 유지류, 유기물 및 고형물질 등의 영향을 받아 생성된 기포가 수면에 떠올라도 소멸되지 않고 두꺼운 거품층을 형성하여 불순물이 증기계통으로 유입되는 현상을 말함. 이는 화학물질의 종류와 존재상태에 따라 발생하는 화학적 기수공발이라 할 수 있으므로 보일러수 중의 용해성 및 현탁 고형물 농도를 기준치 이하로 유지하여 알칼리성 유입을 제한하는 등 엄격한 수질관리를 행하여 미연에 방지해야 한다."
포핏밸브 ,Poppet Valve,내연기관의 흡/ 배기 밸브에 사용되며 약간 복잡하나 차단작용이 확실하며/ 장시간 사용에 견딜수 있다.
풍력발전 ,風力發電 Wind Force Power Genera- tion,"공기의 유동이 가진 운동에너지의 공기역학적(Aero-Dynamic)특성을이용하여회전자(Rotor)를 회전시켜 기계적 에너지로 변환시키고 이 기계적 에너지로 전기를 얻는 기술이다. 풍력 발전기는 지면에 대한 회전축의 방향에 따라 수평형 및 수직형으로 분류되고, 주요 구성요소로는 날개(Blade)와 허브(Hub)로 구성된 회전자와 회전을 증속하여 발전기를 구동시키는 증속장치(Gear Box), 발전기 및 각종 안전장치를 제어하는 제어장치, 유압 브레이크 장치와 전력 제어장치 및 철탑 등으로 구성된다.풍력발전은 어느 곳에나 산재되어 있는 무공해, 무한정의 바람을 이용하므로 환경에 미치는 영향이 거의 없고, 국토를 효율적으로 이용할 수 있으며, 대규모 발전단지의 경우에는 발전단가도 기존의 발전방식과 경쟁 가능한 수준의 신에너지 발전기술이다.2002년말 기준 풍력발전소는 4개소(제주 북제주군, 경북 울릉도, 경북 포항, 전북 군산)이며, 총 16기 10,575kW 규모이다.풍력사업의 규모가 커지면서, 단위기 용량도 크게 증가하고 있는 추세이다. 현재는 제주와 전북에서 운영 중인 750kW이 최대용량이지만, 몇 년 내로 1,500～2,000kW급이 상용화될 것으로 전망되고 있다"
풍손 ,風損 Ventilation Loss,"충동터빈에서 증기의 부분유입으로 증기실에서 와류가 발생함으로써 생기는 손실이며, 경부하시 증기량이 적어 통로를 다 채우지 못할때 발생한다."
플래시탱크,Flash Tank,"높은 온도 및 압력을 가지고 있는 물의 압력을 떨어뜨려 증기를 만드는 장치. 관류 보일러에서 보일러수의 연속블로어에 의한 열손실을 회수하는 장치로서 Benson형은 과열기 출구, Sulzer형은 증발관 출구에 설치한다. 압력강하에 의해서 발생된 증기는 탈기기 및 급수 가열기의 가열원으로 사용된다."
플러싱,Flushing,"용기 및 관 계통을 유체의 속도, 충격 등을 이용하여 세정하는 것이다."
피뢰기 ,避雷器 Arrester/Lightning Arrester/Lig- htning Guard,낙뇌 또는 회로의 개폐등의 원인으로 과전압의 파고치가 정격치를 초과하였을 경우 방전에 의해 과전압을 제한하여 전기시설을 보호하고 속류를 단시간에 차단하여 계통의 정상상태를 무너뜨리지 않고 원상으로 스스로 복귀하는 기능을 가진 장치이다.
피스톤 ,Piston,실린더 내에서 직접 가스압력을 받아 실린더 내를 왕복하는 부분품으로 피스톤에 가해진 동력을 크랭크축에 전달하여 크랭크축의 회전운동으로 바꾼다.
핀홀 ,Pin Hole,"주물, 도금, 용접부 들에 발생하는 미소한 기공 또는 작은 구멍을 말한다. 발전소의 보일러 튜브나 복수기 튜브 등에 발생한 조그만 구멍. 포어(Pore), 피트(Pit) 라고도 한다."
하이드라진 ,Hydrazine,"N2H4로 표시하며 무색으로 공기중에서 발연하고 강한 환원성을 가진 액체이다. 발전소에서 통상 하이드라진이라 부르며 수처리제로 사용하는 것은 Hydrazine Hydrate(N2H4,H2O)이다. Hydrazine Hydrate는 휘발성 물질이기 때문에 봉일러 수중에는 약간 밖에 용해할 수 없으므로 대부분 증기와 함께 휘발하여 보일러에서 용해고형물 농도를 상승시키는 경우가 없으므로 고압보일러, 관류보일러 등에 널리 사용됨. Hydrazine Hydrate는 탈기기나 드럼에 주입하여서 용존산소를 제거하고 높은 온도에서는 분해되어 Ammonia가 되어 계통수의 PH를 상승시킴. 탈산소반응은 대략 80 이상에서 부터 일어나며, 열분해는 350 ℃ 부근에서 완료된다. Hydrazine Hydrate는 독성이 있으나 시판되고 있는 것은 35%정도로 묽게 한 것이므로 알레르기성의 특이 체질외에는 인체에 해를 끼치지 않는다. "
해머링장치/추타장치,錘打裝置 Rapping Device/Hammering Device,"전기집진장치의 전극표면에 일정 두께로 부착된 분진을 전극 하단의 호퍼로 떨어뜨릴 목적으로 전극에 진동, 충격을 주기 위하여 설치되는 장치로서, 감속구동 모타에 해머가 붙은 축을 연결하여 축의 회전에 의해 충격을 주는 기계식과 솔레노이드를 사용해 자장 내에 해머를 들어 올린 후 떨어뜨려 충격을 주는 전자식이 있다."
핵비등 ,核沸騰 Nucleate Boiling,"액체가 가열될 때 자연대류영역 이후 본격적으로 비등이 진행되는 과정으로서 포화온도에 이른 액체가 가열표면의 비등핵을 중심으로 기포를 형성, 급속히 액체 속으로 흘러 들어가고 가열면에 새로운 기포를 다시 발생시키는 과정을 되풀이 하게 된다. 열 전달률이 가장 좋은 보일러에서의 이상적인 증기발생 과정이며, 핵 비등 상태에서 유량이 적어지거나 열부하가 높아지면 막 비등 과정으로 진행된다."
행정 ,行程 Stroke,왕복동 공기압축기 내연기관에서 피스톤이 실린더내 길이를 따라 끝에서 끝까지 움직인 거리이다.
혼소,"混燒, Multi-Fuel Firing",두종류 이상의 연료를 동시에 연소시키는 것으로 보통 무연탄과 중유 또는 LNG와 중유를 함께 사용한다.
혼소율,"混燒率, Mixed Fuel Burning Ratio/ Proportion of Mixed Fuel",2종 이상의 연료를 사용하는 보일러에서 한종류의 연료가 차지하는 비유를 말하며 중량비와 열량비가 있으나 통상 열량혼소율을 말한다. Bunker-C와 무연탄을 혼소하는 발전소에서 무연탄 혼소율 50%라함은 총보일러 입열중 무연탄이 차지한 열량비가 50%임을 말한다. MR=(석탄량X석탄열량)/ [(중유사용량X중유발열량)+(석탄사용량X석탄발열량)]
화염검출기 ,火焰檢出器 Flame Detector/Flame Scanner,"버너의 연소상태를 검출하는 기기로서 화염의 밝기를 전기적인 신호로 변환시켜 연소상태를 제어실에 지시하고, 연소상태가 불량한 버너는 소화시키는 신호를 발생시키는 장치이다. 화염검출 방식에는 자외선식, 가시광선식, 적외선식 플리커(Flicker)식등이 있으며 검출렌즈가 연소실내에 있으므로 과열을 방지하기 위해 반드시 냉각용 공기를 공급하여야 한다."
화염전파관 ,火炎轉派管 Cross Fire Tube,가스터빈 기동후 점화시 점화 플러그가 있는 연소기의 화염이 다른 연소기로 전파되도록 연소기 사이를 연결한 관이다.
화학세정,化學洗淨 Chemical Cleaning,"보일러는 장시간 운전하게 되면 스케일이 생성되어 열효율이 저하하고 심할 경우에는 과열에 의한 파열사고가 발생할 수도 있으므로 이를 방지하기 위하여 화학약품을 사용하여 모재 금속의 손상없이 스케일을 제거하는 것을 말하며 세정약품에 따라 산세정 (무기산, 유기산),알카리세정으로 구분한다."
회융점,灰融點 Ash Fusion Temperature,Melting Point of Ash. 석탄회의 시료가 용융하는 온도를 말함. 측정방법은 석탄시료를 회화하여 시험추를 만들고 소정의 전기로에서 규정의 조건으로 연속적으로 가열하여 시험수의 형상에 특정한 변화가 일어날 때의 온도로 측정되며 다음과 같음. 1.최초 변형점(IT):시험추의 꼭대기가 변형을 일으키는 온도 2.반상구점·융점(HT):시험추가 녹아서 그 높이가 폭의 1/2정도의 반구가 될 때의 온도 3.연화점(ST):시험추가 녹아서 그 높이가 폭과 같게 될 때의 온도 4.용류점(FT):용융물이 지지대에 흘러 내려 1/6인치 이하의 높이로 될 때의 온도이다.
회전자 ,回轉子 Rotor,회전 전기기기의 회전부분 2.터빈의 경우 유입된 증기에 의하여 회전하는 부분으로 Disc Rotor와 Drum Rotor로 대별됨. Disc형은 각 단마다 원판의 Disc가 있으며 그 외주에 회전날개를 끼게 되는데 주로 충동단에 쓰인다. Drum형은 원통상의 외주에 회전날개가 끼워져 있으며 주로 반동터빈에 쓰인다.
회처리장,灰處理場 Ash Pond,물에 의해 이송된 저회(Bottom Ash) 및 비회(Fly Ash)를 매립하는 장소이다.
